genre|art_pop,genre|asian_american_hip_hop,genre|atl_hip_hop,genre|barbadian_pop,genre|big_room,genre|brostep,genre|canadian_latin,genre|canadian_pop,genre|candy_pop,genre|chicago_bop,genre|chicago_rap,genre|colombian_pop,genre|complextro,genre|contemporary_r,genre|dance_pop,genre|dirty_south_rap,genre|dutch_edm,genre|east_coast_hip_hop,genre|edm,genre|electro_house,genre|electronic_trap,genre|electropop,genre|electropowerpop,genre|eurodance,genre|europop,genre|g_funk,genre|gangster_rap,genre|german_techno,genre|grime,genre|hip_hop,genre|hip_pop,genre|house,genre|latin,genre|latin_pop,genre|mexican_pop,genre|miami_hip_hop,genre|modern_rock,genre|neo_mellow,genre|neo_soul,genre|ohio_hip_hop,genre|old_school_atlanta_hip_hop,genre|pop,genre|pop_dance,genre|pop_punk,genre|pop_rap,genre|pop_rock,genre|post,genre|progressive_electro_house,genre|progressive_house,genre|puerto_rican_pop,genre|rap,genre|slap_house,genre|south_carolina_hip_hop,genre|southern_hip_hop,genre|swedish_electropop,genre|swedish_pop,genre|teen_pop,genre|trance,genre|trap,genre|tropical_house,genre|uk_dance,genre|urban_contemporary,genre|viral_rap,genre|west_coast_rap,danceability,energy,loudness,speechiness,acousticness,instrumentalness,liveness,valence,tempo,popularity,subject|high,subject|low,subject|medium,polar|Negative,polar|Neutral,polar|Positive,key|0,key|1,key|2,key|3,key|4,key|5,key|6,key|7,key|8,key|9,key|10,key|11,mode|0,mode|1,id
0.0,0.0,0.0,0.0,0.28148870908702317,0.39280615963233023,0.0,0.0,0.0,0.0,0.0,0.0,0.0,0.0,0.08985886292230941,0.0,0.39280615963233023,0.0,0.20025860557106576,0.0,0.0,0.0,0.0,0.0,0.0,0.0,0.0,0.0,0.0,0.0,0.0,0.3371474343596767,0.0,0.0,0.0,0.0,0.0,0.0,0.0,0.0,0.0,0.09760448406315202,0.2163721748421367,0.0,0.0,0.0,0.0,0.0,0.0,0.0,0.0,0.39280615963233023,0.0,0.0,0.0,0.0,0.0,0.39280615963233023,0.0,0.2922110885553479,0.0,0.0,0.0,0.0,0.08233082706766917,0.13271028037383178,0.11040861402540032,0.004781065088757397,0.00020193876334158482,3.009320905459388e-07,0.02766917293233083,0.10582655826558268,0.0927443707888604,0.16470588235294117,0.0,0.3,0.0,0.0,0.5,0.0,0.0,0.0,0.0,0.0,0.0,0.0,0.0,0.0,0.0,0.0,0.5,0.0,0.0,0.5,5L2l7mI8J1USMzhsmdjat9
0.0,0.0,0.0,0.0,0.0,0.0,0.0,0.0,0.0,0.0,0.0,0.0,0.0,0.0,0.31828016609482584,0.0,0.0,0.0,0.7093161450104729,0.0,0.0,0.0,0.0,0.0,0.0,0.0,0.0,0.0,0.0,0.0,0.0,0.0,0.0,0.0,0.0,0.0,0.0,0.0,0.0,0.0,0.0,0.34571516252190526,0.0,0.0,0.5254040052193972,0.0,0.0,0.0,0.0,0.0,0.0,0.0,0.0,0.0,0.0,0.0,0.0,0.0,0.0,0.0,0.0,0.0,0.0,0.0,0.08609022556390977,0.07850467289719623,0.05949751518498068,0.04000000000000001,0.012117219334846156,2.242343541944075e-06,0.01663157894736842,0.1424119241192412,0.05099344354465734,0.1858823529411765,0.0,0.3,0.0,0.0,0.5,0.0,0.0,0.0,0.0,0.0,0.0,0.0,0.0,0.5,0.0,0.0,0.0,0.0,0.5,0.0,0vbtURX4qv1l7besfwmnD8
0.0,0.0,0.0,0.0,0.0,0.0,0.0,0.0,0.0,0.0,0.0,0.0,0.0,0.0,0.0,0.0,0.0,0.0,0.0,0.0,0.0,0.0,0.0,0.0,0.0,0.0,0.0,0.0,0.0,0.5147618111162313,0.0,0.0,0.0,0.0,0.0,0.0,0.0,0.0,0.0,0.7183293809750589,0.0,0.0,0.0,0.0,0.0,0.0,0.0,0.0,0.0,0.0,0.46799912205508015,0.0,0.0,0.0,0.0,0.0,0.0,0.0,0.0,0.0,0.0,0.0,0.0,0.0,0.10789473684210527,0.06588785046728973,0.09969630038652677,0.013775147928994085,0.0032471725651962192,0.0010998668442077232,0.005172932330827065,0.12186088527551941,0.0982289409012179,0.18352941176470589,0.0,0.3,0.0,0.0,0.0,0.5,0.5,0.0,0.0,0.0,0.0,0.0,0.0,0.0,0.0,0.0,0.0,0.0,0.0,0.5,5PX4uS1LqlWEPL69phPVQQ
0.0,0.0,0.0,0.0,0.0,0.0,0.0,0.0,0.0,0.0,0.0,0.0,0.0,0.0,0.1663436013925295,0.0,0.0,0.0,0.3707117648410259,0.5909462260168282,0.0,0.0,0.0,0.0,0.0,0.0,0.0,0.0,0.0,0.0,0.0,0.0,0.0,0.0,0.0,0.0,0.0,0.0,0.0,0.0,0.0,0.1806820258248955,0.4005406437814968,0.0,0.0,0.0,0.0,0.0,0.0,0.0,0.0,0.0,0.0,0.0,0.0,0.0,0.0,0.0,0.0,0.5409310028678325,0.0,0.0,0.0,0.0,0.07932330827067671,0.09112149532710281,0.10565985643290998,0.0035502958579881672,0.00943661628163928,0.0,0.08511278195488724,0.11102077687443541,0.0892766134955973,0.19294117647058825,0.3,0.0,0.0,0.0,0.0,0.5,0.0,0.0,0.0,0.0,0.0,0.5,0.0,0.0,0.0,0.0,0.0,0.0,0.5,0.0,6h5PAsRni4IRlxWr6uDPTP
0.0,0.0,0.0,0.0,0.0,0.0,0.0,0.0,0.0,0.0,0.0,0.0,0.0,0.0,0.27794427477411315,0.0,0.0,0.0,0.6194239620063795,0.0,0.0,0.0,0.0,0.0,0.0,0.0,0.0,0.0,0.0,0.0,0.0,0.0,0.0,0.0,0.0,0.0,0.0,0.0,0.0,0.0,0.0,0.30190241291044656,0.6692651705351635,0.0,0.0,0.0,0.0,0.0,0.0,0.0,0.0,0.0,0.0,0.0,0.0,0.0,0.0,0.0,0.0,0.0,0.0,0.0,0.0,0.0,0.027819548872180456,0.11401869158878504,0.13854224185532854,0.0051597633136094695,0.11408323547413855,1.7762982689747006e-05,0.08631578947368423,0.12615176151761517,0.09810742430150628,0.16470588235294117,0.0,0.3,0.0,0.0,0.5,0.0,0.0,0.0,0.0,0.0,0.0,0.0,0.5,0.0,0.0,0.0,0.0,0.0,0.5,0.0,1sh6lL6cmlcwhqZKGiKBua
0.0,0.0,0.0,0.0,0.0,0.0,0.0,0.0,0.0,0.0,0.0,0.0,0.0,0.0,0.14961404482648732,0.0,0.0,0.0,0.3334284345073844,0.5315134120529864,0.0,0.0,0.0,0.0,0.0,0.0,0.0,0.0,0.0,0.0,0.0,0.0,0.0,0.0,0.0,0.0,0.0,0.0,0.0,0.0,0.0,0.16251042110911332,0.360257354847953,0.0,0.0,0.0,0.0,0.6540180507977587,0.0,0.0,0.0,0.0,0.0,0.0,0.0,0.0,0.0,0.0,0.0,0.0,0.0,0.0,0.0,0.0,0.06654135338345864,0.13738317757009347,0.15612921038100494,0.011550295857988167,0.03847648269138046,0.0,0.026165413533834593,0.08098464317976514,0.10009521823111732,0.1858823529411765,0.0,0.3,0.0,0.0,0.5,0.0,0.0,0.0,0.0,0.0,0.0,0.0,0.0,0.0,0.0,0.0,0.0,0.5,0.5,0.0,2V65y3PX4DkRhy1djlxd9p
0.0,0.0,0.0,0.0,0.0,0.0,0.0,0.0,0.0,0.0,0.0,0.0,0.47070040307240685,0.0,0.10767805432773549,0.0,0.0,0.0,0.23997028572374887,0.3825331380174627,0.0,0.32597516915730806,0.0,0.0,0.0,0.0,0.0,0.47070040307240685,0.0,0.0,0.0,0.0,0.0,0.0,0.0,0.0,0.0,0.0,0.0,0.0,0.0,0.1169596475605232,0.2592792078596124,0.0,0.1777505702355601,0.0,0.0,0.0,0.0,0.0,0.0,0.0,0.0,0.0,0.0,0.0,0.0,0.0,0.0,0.350157129139653,0.0,0.0,0.0,0.0,0.027819548872180456,0.10981308411214954,0.14688017669795692,0.021538461538461538,0.013663721096311664,0.0,0.01380451127819549,0.02181571815718157,0.09820536305351264,0.1811764705882353,0.0,0.3,0.0,0.0,0.5,0.0,0.0,0.0,0.0,0.0,0.0,0.0,0.0,0.0,0.5,0.0,0.0,0.0,0.0,0.5,60wwxj6Dd9NJlirf84wr2c
0.0,0.0,0.0,0.0,0.0,0.0,0.0,0.0,0.0,0.0,0.0,0.0,0.0,0.0,0.1695686476197032,0.0,0.0,0.0,0.3778990721288381,0.0,0.7412469632865419,0.0,0.0,0.0,0.0,0.0,0.0,0.0,0.0,0.0,0.0,0.0,0.0,0.0,0.0,0.0,0.0,0.0,0.0,0.0,0.0,0.1841850633978866,0.4083062691571853,0.0,0.2799170545628197,0.0,0.0,0.0,0.0,0.0,0.0,0.0,0.0,0.0,0.0,0.0,0.0,0.0,0.0,0.0,0.0,0.0,0.0,0.0,0.05563909774436087,0.06962616822429904,0.09563776918829375,0.007479289940828401,0.004831477703053104,0.0,0.007127819548872181,0.03265582655826559,0.056271254069445845,0.18352941176470589,0.0,0.3,0.0,0.0,0.5,0.0,0.0,0.0,0.0,0.0,0.0,0.0,0.0,0.0,0.0,0.5,0.0,0.0,0.0,0.5,0g5EKLgdKvNlln7TNqBByK
0.0,0.0,0.0,0.0,0.620553883294985,0.0,0.0,0.0,0.0,0.0,0.0,0.0,0.0,0.0,0.19809770173649047,0.0,0.0,0.0,0.44147865025713945,0.0,0.0,0.0,0.0,0.0,0.0,0.0,0.0,0.0,0.0,0.0,0.0,0.0,0.0,0.0,0.0,0.0,0.0,0.0,0.0,0.0,0.0,0.21517325440455728,0.4770017020247842,0.0,0.3270116614369884,0.0,0.0,0.0,0.0,0.0,0.0,0.0,0.0,0.0,0.0,0.0,0.0,0.0,0.0,0.0,0.0,0.0,0.0,0.0,0.047368421052631594,0.15140186915887854,0.07446162341247929,0.14982248520710062,0.0005012727709496862,7.509986684420774e-07,0.06526315789473684,0.09453477868112015,0.10179645062708005,0.15294117647058825,0.0,0.3,0.0,0.0,0.5,0.0,0.0,0.0,0.0,0.0,0.0,0.0,0.0,0.0,0.5,0.0,0.0,0.0,0.0,0.5,3P5h94RH9LOBwD8OF84M0u
0.0,0.0,0.0,0.0,0.0,0.0,0.0,0.0,0.0,0.0,0.0,0.0,0.0,0.0,0.0,0.0,0.0,0.0,0.4696271371982988,0.0,0.0,0.0,0.0,0.0,0.0,0.0,0.0,0.0,0.0,0.0,0.0,0.0,0.0,0.0,0.0,0.0,0.0,0.0,0.0,0.0,0.0,0.22889260762393868,0.5074151233137524,0.0,0.0,0.0,0.0,0.0,0.0,0.0,0.0,0.0,0.0,0.0,0.0,0.0,0.0,0.0,0.0,0.6852652178642465,0.0,0.0,0.0,0.0,0.07706766917293231,0.041588785046728964,0.03409718387631142,0.09443786982248523,0.09311954492982837,0.0,0.08721804511278197,0.08934056007226739,0.047483971597761944,0.17882352941176471,0.0,0.3,0.0,0.0,0.5,0.0,0.0,0.0,0.0,0.0,0.0,0.0,0.0,0.0,0.5,0.0,0.0,0.0,0.5,0.0,5masKPHeAOVNgxdLebIcK7
0.0,0.0,0.0,0.0,0.0,0.0,0.0,0.0,0.0,0.0,0.0,0.0,0.0,0.0,0.0,0.0,0.0,0.0,0.4696271371982988,0.0,0.0,0.0,0.0,0.0,0.0,0.0,0.0,0.0,0.0,0.0,0.0,0.0,0.0,0.0,0.0,0.0,0.0,0.0,0.0,0.0,0.0,0.22889260762393868,0.5074151233137524,0.0,0.0,0.0,0.0,0.0,0.0,0.0,0.0,0.0,0.0,0.0,0.0,0.0,0.0,0.0,0.0,0.6852652178642465,0.0,0.0,0.0,0.0,0.10112781954887216,0.04112149532710277,0.039370513528437324,0.007715976331360947,0.13504692601844875,8.442077230359521e-06,0.019909774436090228,0.07488708220415538,0.07268143607229334,0.18352941176470589,0.0,0.3,0.0,0.0,0.5,0.0,0.0,0.0,0.0,0.0,0.0,0.0,0.0,0.0,0.0,0.0,0.0,0.5,0.5,0.0,1I8tHoNBFTuoJAlh4hfVVE
0.0,0.0,0.0,0.0,0.0,0.0,0.0,0.0,0.0,0.0,0.0,0.0,0.0,0.0,0.1113967343972381,0.0,0.0,0.0,0.2482577006883402,0.3957439855309232,0.0,0.0,0.0,0.0,0.0,0.0,0.0,0.0,0.0,0.0,0.0,0.4179568044450605,0.0,0.0,0.0,0.0,0.0,0.0,0.0,0.0,0.0,0.12099886904381237,0.2682334597610197,0.0,0.18388921665710342,0.0,0.0,0.0,0.4869561222023665,0.0,0.0,0.0,0.0,0.0,0.0,0.0,0.0,0.0,0.0,0.0,0.4869561222023665,0.0,0.0,0.0,0.07932330827067671,0.12943925233644857,0.12912755383765873,0.006106508875739644,0.0731868555598285,0.0,0.08812030075187971,0.07646793134598012,0.09826884187425754,0.18823529411764706,0.0,0.3,0.0,0.0,0.5,0.0,0.0,0.0,0.5,0.0,0.0,0.0,0.0,0.0,0.0,0.0,0.0,0.0,0.5,0.0,7MmG8p0F9N3C4AXdK6o6Eb
0.0,0.0,0.0,0.0,0.0,0.0,0.0,0.0,0.0,0.0,0.0,0.0,0.0,0.0,0.0,0.0,0.0,0.0,0.0,0.0,0.0,0.0,0.0,0.0,0.0,0.0,0.0,0.0,0.0,0.0,0.0,0.0,0.0,0.0,0.0,0.0,0.0,0.0,1.0,0.0,0.0,0.0,0.0,0.0,0.0,0.0,0.0,0.0,0.0,0.0,0.0,0.0,0.0,0.0,0.0,0.0,0.0,0.0,0.0,0.0,0.0,0.0,0.0,0.0,0.10977443609022558,0.08551401869158877,0.1604086140254003,0.14177514792899412,0.05875283911948377,0.0,0.012330827067669177,0.09769647696476964,0.07994522684610016,0.18823529411764706,0.0,0.3,0.0,0.0,0.5,0.0,0.5,0.0,0.0,0.0,0.0,0.0,0.0,0.0,0.0,0.0,0.0,0.0,0.0,0.5,22UDw8rSfLbUsaAGTXQ4Z8
0.0,0.0,0.0,0.0,0.0,0.0,0.0,0.0,0.0,0.0,0.0,0.0,0.0,0.0,0.0,0.0,0.0,0.6875809773315312,0.0,0.0,0.0,0.0,0.0,0.0,0.0,0.0,0.0,0.0,0.0,0.537258609213195,0.0,0.0,0.0,0.0,0.0,0.0,0.0,0.0,0.0,0.0,0.0,0.0,0.0,0.0,0.0,0.0,0.0,0.0,0.0,0.0,0.4884522355749021,0.0,0.0,0.0,0.0,0.0,0.0,0.0,0.0,0.0,0.0,0.0,0.0,0.0,0.021428571428571422,0.19205607476635517,0.19999999999999996,0.16875739644970417,0.00861181534219101,0.0,0.1344360902255639,0.16657633242999095,0.18095272641535098,0.0,0.0,0.3,0.0,0.0,0.5,0.0,0.0,0.0,0.0,0.0,0.0,0.0,0.0,0.0,0.5,0.0,0.0,0.0,0.5,0.0,48ChDdF1dSOEphL8u1jLsU
0.0,0.0,0.0,0.0,0.0,0.0,0.0,0.0,0.0,0.0,0.0,0.0,0.0,0.0,0.0,0.0,0.0,0.6875809773315312,0.0,0.0,0.0,0.0,0.0,0.0,0.0,0.0,0.0,0.0,0.0,0.537258609213195,0.0,0.0,0.0,0.0,0.0,0.0,0.0,0.0,0.0,0.0,0.0,0.0,0.0,0.0,0.0,0.0,0.0,0.0,0.0,0.0,0.4884522355749021,0.0,0.0,0.0,0.0,0.0,0.0,0.0,0.0,0.0,0.0,0.0,0.0,0.0,0.09624060150375935,0.16728971962616823,0.18983986747653228,0.1379881656804734,0.026963636244915018,0.0,0.09172932330827069,0.0974706413730804,0.03243223635885484,0.0,0.0,0.3,0.0,0.0,0.5,0.0,0.0,0.0,0.0,0.5,0.0,0.0,0.0,0.0,0.0,0.0,0.0,0.0,0.5,0.0,2FiKEETFRmhtKd60VmhUQ5
0.0,0.0,0.0,0.0,0.0,0.0,0.0,0.0,0.0,0.0,0.8378648472751236,0.0,0.0,0.0,0.0,0.0,0.0,0.0,0.0,0.0,0.0,0.0,0.0,0.0,0.0,0.0,0.0,0.0,0.0,0.0,0.0,0.0,0.0,0.0,0.0,0.0,0.0,0.0,0.0,0.0,0.0,0.0,0.0,0.0,0.0,0.0,0.0,0.0,0.0,0.0,0.5458777314569936,0.0,0.0,0.0,0.0,0.0,0.0,0.0,0.0,0.0,0.0,0.0,0.0,0.0,0.03609022556390978,0.12009345794392523,0.15229155162893426,0.02139644970414201,0.02734167000882881,4.553928095872171e-06,0.04421052631578948,0.03197831978319784,0.1238018372584404,0.18352941176470589,0.0,0.3,0.0,0.0,0.5,0.0,0.0,0.5,0.0,0.0,0.0,0.0,0.0,0.0,0.0,0.0,0.0,0.0,0.0,0.5,22L7bfCiAkJo5xGSQgmiIO
0.0,0.0,0.478804065247094,0.0,0.0,0.0,0.0,0.0,0.0,0.0,0.0,0.0,0.0,0.5578484868000317,0.12761416662534428,0.0,0.0,0.0,0.0,0.0,0.0,0.0,0.0,0.0,0.0,0.0,0.0,0.0,0.0,0.0,0.0,0.0,0.0,0.0,0.0,0.0,0.0,0.0,0.0,0.0,0.0,0.13861420551676534,0.0,0.0,0.0,0.0,0.0,0.0,0.0,0.0,0.0,0.0,0.5578484868000317,0.0,0.0,0.0,0.0,0.0,0.0,0.0,0.0,0.33594274089219583,0.0,0.0,0.08571428571428573,0.147196261682243,0.1491441192711209,0.039053254437869826,0.011601718747690988,0.0,0.015939849624060153,0.1297651309846432,0.08362881212989577,0.19058823529411764,0.3,0.0,0.0,0.0,0.0,0.5,0.0,0.0,0.0,0.0,0.0,0.0,0.0,0.5,0.0,0.0,0.0,0.0,0.5,0.0,4356Typ82hUiFAynbLYbPn
0.0,0.0,0.0,0.7018552217735781,0.0,0.0,0.0,0.0,0.0,0.0,0.0,0.0,0.0,0.0,0.2070589467666055,0.0,0.0,0.0,0.0,0.0,0.0,0.0,0.0,0.0,0.0,0.0,0.0,0.0,0.0,0.0,0.0,0.0,0.0,0.0,0.0,0.0,0.0,0.0,0.0,0.0,0.0,0.22490693753032842,0.0,0.0,0.34180452172842146,0.0,0.0,0.0,0.0,0.0,0.0,0.0,0.0,0.0,0.0,0.0,0.0,0.0,0.0,0.0,0.0,0.5450801579674309,0.0,0.0,0.12518796992481204,0.08971962616822426,0.15966316951960244,0.006674556213017749,0.01799392602841508,8.015978695073236e-06,0.008150375939849621,0.13676603432700996,0.09444741686541583,0.0,0.3,0.0,0.0,0.0,0.5,0.0,0.0,0.0,0.0,0.0,0.0,0.0,0.0,0.0,0.0,0.0,0.0,0.5,0.5,0.0,3YJlTDtUXu1sGh8lunblkG
0.0,0.0,0.0,0.0,0.620553883294985,0.0,0.0,0.0,0.0,0.0,0.0,0.0,0.0,0.0,0.19809770173649047,0.0,0.0,0.0,0.44147865025713945,0.0,0.0,0.0,0.0,0.0,0.0,0.0,0.0,0.0,0.0,0.0,0.0,0.0,0.0,0.0,0.0,0.0,0.0,0.0,0.0,0.0,0.0,0.21517325440455728,0.4770017020247842,0.0,0.3270116614369884,0.0,0.0,0.0,0.0,0.0,0.0,0.0,0.0,0.0,0.0,0.0,0.0,0.0,0.0,0.0,0.0,0.0,0.0,0.0,0.1270676691729323,0.12476635514018689,0.11570955273329651,0.02518343195266272,0.011361151807018577,1.0039946737683092e-05,0.04902255639097745,0.14173441734417344,0.09807840541202291,0.14823529411764708,0.3,0.0,0.0,0.0,0.0,0.5,0.0,0.0,0.0,0.0,0.5,0.0,0.0,0.0,0.0,0.0,0.0,0.0,0.5,0.0,2MGRnjJc7C0z3EOEWRqcMw
0.0,0.0,0.0,0.0,0.0,0.0,0.0,0.0,0.0,0.0,0.0,0.0,0.0,0.0,0.12134739512697572,0.0,0.0,0.0,0.0,0.0,0.0,0.0,0.0,0.0,0.0,0.0,0.0,0.0,0.0,0.0,0.0,0.0,0.4310943407918764,0.4864867185538835,0.5304541222875875,0.0,0.0,0.0,0.0,0.0,0.0,0.0,0.0,0.0,0.0,0.0,0.0,0.0,0.0,0.5304541222875875,0.0,0.0,0.0,0.0,0.0,0.0,0.0,0.0,0.0,0.0,0.0,0.0,0.0,0.0,0.11353383458646614,0.13224299065420558,0.13302043070126998,0.03346745562130178,0.19999999999999998,0.0,0.018135338345864668,0.14037940379403793,0.09976694204383665,0.09647058823529413,0.0,0.3,0.0,0.0,0.0,0.5,0.0,0.0,0.0,0.0,0.0,0.0,0.0,0.0,0.5,0.0,0.0,0.0,0.0,0.5,0Fv5GIHRVoKbqpFgjSk19T
0.0,0.0,0.0,0.7018552217735781,0.0,0.0,0.0,0.0,0.0,0.0,0.0,0.0,0.0,0.0,0.2070589467666055,0.0,0.0,0.0,0.0,0.0,0.0,0.0,0.0,0.0,0.0,0.0,0.0,0.0,0.0,0.0,0.0,0.0,0.0,0.0,0.0,0.0,0.0,0.0,0.0,0.0,0.0,0.22490693753032842,0.0,0.0,0.34180452172842146,0.0,0.0,0.0,0.0,0.0,0.0,0.0,0.0,0.0,0.0,0.0,0.0,0.0,0.0,0.0,0.0,0.5450801579674309,0.0,0.0,0.09661654135338345,0.11214953271028039,0.1612644947542794,0.020118343195266272,0.07902919554758708,0.0,0.015248120300751879,0.11373080397470642,0.04746764847242753,0.16470588235294117,0.0,0.3,0.0,0.0,0.5,0.0,0.0,0.0,0.5,0.0,0.0,0.0,0.0,0.0,0.0,0.0,0.0,0.0,0.0,0.5,5FTCKvxzqy72ceS4Ujux4N
0.8988052811246674,0.0,0.0,0.0,0.0,0.0,0.0,0.0,0.0,0.0,0.0,0.0,0.0,0.0,0.296898699803398,0.0,0.0,0.0,0.0,0.0,0.0,0.0,0.0,0.0,0.0,0.0,0.0,0.0,0.0,0.0,0.0,0.0,0.0,0.0,0.0,0.0,0.0,0.0,0.0,0.0,0.0,0.32249066448109637,0.0,0.0,0.0,0.0,0.0,0.0,0.0,0.0,0.0,0.0,0.0,0.0,0.0,0.0,0.0,0.0,0.0,0.0,0.0,0.0,0.0,0.0,0.06654135338345864,0.1546728971962617,0.1206515737161789,0.01775147928994083,0.00032668990543313566,0.001499334221038615,0.13022556390977444,0.06788617886178862,0.10376973511194945,0.14588235294117646,0.0,0.3,0.0,0.0,0.5,0.0,0.5,0.0,0.0,0.0,0.0,0.0,0.0,0.0,0.0,0.0,0.0,0.0,0.0,0.5,02d1E4NRuh7OEQO4vCb9PD
0.0,0.0,0.0,0.0,0.0,0.0,0.0,0.0,0.0,0.0,0.0,0.0,0.0,0.0,0.1310237326457447,0.0,0.0,0.0,0.2919982419434628,0.0,0.0,0.0,0.0,0.0,0.0,0.0,0.0,0.0,0.5727529546614191,0.0,0.0,0.49159664239167455,0.0,0.0,0.0,0.0,0.0,0.0,0.0,0.0,0.0,0.0,0.31549353137269637,0.0,0.21628867031054647,0.0,0.0,0.0,0.0,0.0,0.0,0.0,0.0,0.0,0.0,0.0,0.0,0.0,0.0,0.42607469422465233,0.0,0.0,0.0,0.0,0.08308270676691731,0.1799065420560748,0.12733296521258972,0.03389349112426036,0.02105256284553575,0.0,0.057142857142857155,0.10266485998193316,0.03269703372539064,0.1411764705882353,0.0,0.3,0.0,0.0,0.5,0.0,0.0,0.0,0.0,0.0,0.0,0.0,0.0,0.5,0.0,0.0,0.0,0.0,0.0,0.5,5m5TRf7ggoguXtcXQGprN4
0.0,0.0,0.0,0.0,0.0,0.0,0.0,0.0,0.0,0.0,0.0,0.0,0.0,0.0,0.45153136476930744,0.0,0.0,0.0,0.0,0.0,0.0,0.0,0.0,0.0,0.0,0.0,0.0,0.0,0.0,0.0,0.0,0.0,0.0,0.0,0.0,0.0,0.0,0.0,0.0,0.0,0.0,0.4904522988983588,0.0,0.0,0.74536968621945,0.0,0.0,0.0,0.0,0.0,0.0,0.0,0.0,0.0,0.0,0.0,0.0,0.0,0.0,0.0,0.0,0.0,0.0,0.0,0.08421052631578947,0.03831775700934577,0.003175041413583646,0.07218934911242603,0.06390784499103545,0.0,0.02285714285714286,0.0412375790424571,0.03663090693098039,0.18352941176470589,0.3,0.0,0.0,0.0,0.5,0.0,0.5,0.0,0.0,0.0,0.0,0.0,0.0,0.0,0.0,0.0,0.0,0.0,0.5,0.0,3JA9Jsuxr4xgHXEawAdCp4
0.0,0.0,0.0,0.0,0.0,0.0,0.0,0.0,0.0,0.0,0.0,0.0,0.0,0.0,0.45153136476930744,0.0,0.0,0.0,0.0,0.0,0.0,0.0,0.0,0.0,0.0,0.0,0.0,0.0,0.0,0.0,0.0,0.0,0.0,0.0,0.0,0.0,0.0,0.0,0.0,0.0,0.0,0.4904522988983588,0.0,0.0,0.74536968621945,0.0,0.0,0.0,0.0,0.0,0.0,0.0,0.0,0.0,0.0,0.0,0.0,0.0,0.0,0.0,0.0,0.0,0.0,0.0,0.1432330827067669,0.12476635514018689,0.02766427388183326,0.018887573964497043,0.022736531430242634,7.37683089214381e-07,0.1723308270676692,0.08053297199638663,0.09816727576106571,0.16941176470588237,0.3,0.0,0.0,0.5,0.0,0.0,0.0,0.0,0.0,0.0,0.0,0.0,0.5,0.0,0.0,0.0,0.0,0.0,0.5,0.0,7vWFaMq63AwkFDhS2OAg5u
0.0,0.0,0.0,0.0,0.0,0.0,0.0,0.0,0.0,0.0,0.0,0.0,0.0,0.0,0.29575936899277205,0.0,0.0,0.0,0.0,0.0,0.0,0.0,0.0,0.0,0.0,0.0,0.0,0.0,0.0,0.0,0.0,0.0,0.0,0.0,0.0,0.0,0.0,0.0,0.0,0.0,0.0,0.321253126053256,0.0,0.0,0.0,0.0,0.6361300278457259,0.0,0.0,0.0,0.0,0.0,0.0,0.0,0.0,0.0,0.6361300278457259,0.0,0.0,0.0,0.0,0.0,0.0,0.0,0.09924812030075186,0.1,0.15535615681943676,0.019502958579881657,0.0007521497233652017,0.0,0.030977443609022562,0.13925022583559168,0.10182546951656346,0.16941176470588237,0.0,0.3,0.0,0.0,0.5,0.0,0.0,0.0,0.0,0.0,0.0,0.5,0.0,0.0,0.0,0.0,0.0,0.0,0.0,0.5,1pXrR5Y9OgcIV2JEAl2lCB
0.0,0.0,0.0,0.0,0.0,0.0,0.0,0.0,0.0,0.0,0.0,0.0,0.0,0.0,0.45153136476930744,0.0,0.0,0.0,0.0,0.0,0.0,0.0,0.0,0.0,0.0,0.0,0.0,0.0,0.0,0.0,0.0,0.0,0.0,0.0,0.0,0.0,0.0,0.0,0.0,0.0,0.0,0.4904522988983588,0.0,0.0,0.74536968621945,0.0,0.0,0.0,0.0,0.0,0.0,0.0,0.0,0.0,0.0,0.0,0.0,0.0,0.0,0.0,0.0,0.0,0.0,0.0,0.11578947368421054,0.102803738317757,0.06695196024295968,0.0,0.02998790635622535,0.0,0.1443609022556391,0.11982836495031618,0.09813281582980418,0.19529411764705884,0.0,0.3,0.0,0.0,0.5,0.0,0.5,0.0,0.0,0.0,0.0,0.0,0.0,0.0,0.0,0.0,0.0,0.0,0.0,0.5,4kLLWz7srcuLKA7Et40PQR
0.0,0.0,0.0,0.0,0.0,0.0,0.0,0.0,0.0,0.0,0.0,0.0,0.0,0.0,0.12996960400042024,0.0,0.0,0.0,0.0,0.0,0.0,0.0,0.5210535100135523,0.0,0.0,0.0,0.0,0.0,0.0,0.0,0.0,0.0,0.0,0.0,0.0,0.0,0.48764158713392597,0.0,0.0,0.0,0.0,0.0,0.0,0.5210535100135523,0.21454855744374293,0.0,0.2795433601763798,0.0,0.0,0.0,0.0,0.0,0.0,0.0,0.0,0.0,0.2795433601763798,0.0,0.0,0.0,0.0,0.0,0.0,0.0,0.06466165413533834,0.12102803738317758,0.08892876863611264,0.016236686390532544,0.0005871895354755477,0.0,0.060751879699248126,0.03446251129177959,0.11977728002321514,0.15764705882352942,0.0,0.3,0.0,0.0,0.5,0.0,0.0,0.0,0.0,0.0,0.0,0.0,0.0,0.0,0.0,0.0,0.0,0.5,0.5,0.0,1hBM2D1ULT3aeKuddSwPsK
0.0,0.0,0.0,0.0,0.0,0.0,0.0,0.0,0.0,0.0,0.0,0.0,0.0,0.0,0.12996960400042024,0.0,0.0,0.0,0.0,0.0,0.0,0.0,0.5210535100135523,0.0,0.0,0.0,0.0,0.0,0.0,0.0,0.0,0.0,0.0,0.0,0.0,0.0,0.48764158713392597,0.0,0.0,0.0,0.0,0.0,0.0,0.5210535100135523,0.21454855744374293,0.0,0.2795433601763798,0.0,0.0,0.0,0.0,0.0,0.0,0.0,0.0,0.0,0.2795433601763798,0.0,0.0,0.0,0.0,0.0,0.0,0.0,0.09285714285714289,0.1602803738317757,0.12794036443953613,0.02551479289940828,0.0019240543914979522,0.0,0.09954887218045115,0.16883468834688348,0.11638025627306772,0.15529411764705883,0.0,0.0,0.3,0.0,0.0,0.5,0.5,0.0,0.0,0.0,0.0,0.0,0.0,0.0,0.0,0.0,0.0,0.0,0.0,0.5,17tDv8WA8IhqE8qzuQn707
0.0,0.0,0.0,0.0,0.620553883294985,0.0,0.0,0.0,0.0,0.0,0.0,0.0,0.0,0.0,0.19809770173649047,0.0,0.0,0.0,0.44147865025713945,0.0,0.0,0.0,0.0,0.0,0.0,0.0,0.0,0.0,0.0,0.0,0.0,0.0,0.0,0.0,0.0,0.0,0.0,0.0,0.0,0.0,0.0,0.21517325440455728,0.4770017020247842,0.0,0.3270116614369884,0.0,0.0,0.0,0.0,0.0,0.0,0.0,0.0,0.0,0.0,0.0,0.0,0.0,0.0,0.0,0.0,0.0,0.0,0.0,0.09022556390977443,0.02616822429906538,0.11228602981778023,0.04236686390532545,0.0012813969928445084,0.0,0.005052631578947368,0.19277326106594403,0.0980929148567646,0.12705882352941175,0.0,0.3,0.0,0.0,0.5,0.0,0.0,0.0,0.0,0.0,0.0,0.0,0.0,0.0,0.0,0.0,0.0,0.5,0.5,0.0,3wGnGk9AtI0HFunOexdOIT
0.0,0.0,0.0,0.0,0.620553883294985,0.0,0.0,0.0,0.0,0.0,0.0,0.0,0.0,0.0,0.19809770173649047,0.0,0.0,0.0,0.44147865025713945,0.0,0.0,0.0,0.0,0.0,0.0,0.0,0.0,0.0,0.0,0.0,0.0,0.0,0.0,0.0,0.0,0.0,0.0,0.0,0.0,0.0,0.0,0.21517325440455728,0.4770017020247842,0.0,0.3270116614369884,0.0,0.0,0.0,0.0,0.0,0.0,0.0,0.0,0.0,0.0,0.0,0.0,0.0,0.0,0.0,0.0,0.0,0.0,0.0,0.06353383458646614,0.11261682242990655,0.14152401987852012,0.036213017751479296,0.023320765429018495,0.03994673768308922,0.02947368421052632,0.050045167118337855,0.09469045006483907,0.19058823529411764,0.0,0.3,0.0,0.0,0.5,0.0,0.5,0.0,0.0,0.0,0.0,0.0,0.0,0.0,0.0,0.0,0.0,0.0,0.5,0.0,0TDLuuLlV54CkRRUOahJb4
0.0,0.0,0.0,0.0,0.620553883294985,0.0,0.0,0.0,0.0,0.0,0.0,0.0,0.0,0.0,0.19809770173649047,0.0,0.0,0.0,0.44147865025713945,0.0,0.0,0.0,0.0,0.0,0.0,0.0,0.0,0.0,0.0,0.0,0.0,0.0,0.0,0.0,0.0,0.0,0.0,0.0,0.0,0.0,0.0,0.21517325440455728,0.4770017020247842,0.0,0.3270116614369884,0.0,0.0,0.0,0.0,0.0,0.0,0.0,0.0,0.0,0.0,0.0,0.0,0.0,0.0,0.0,0.0,0.0,0.0,0.0,0.10112781954887216,0.11542056074766359,0.1803975704030922,0.015431952662721897,0.016756724619242675,0.0,0.16421052631578947,0.07511291779584463,0.09813281582980418,0.16000000000000003,0.0,0.3,0.0,0.0,0.5,0.0,0.0,0.0,0.0,0.0,0.0,0.0,0.0,0.0,0.5,0.0,0.0,0.0,0.0,0.5,6T27IN7Ai94BeDv6PPCmoC
0.0,0.0,0.0,0.0,0.620553883294985,0.0,0.0,0.0,0.0,0.0,0.0,0.0,0.0,0.0,0.19809770173649047,0.0,0.0,0.0,0.44147865025713945,0.0,0.0,0.0,0.0,0.0,0.0,0.0,0.0,0.0,0.0,0.0,0.0,0.0,0.0,0.0,0.0,0.0,0.0,0.0,0.0,0.0,0.0,0.21517325440455728,0.4770017020247842,0.0,0.3270116614369884,0.0,0.0,0.0,0.0,0.0,0.0,0.0,0.0,0.0,0.0,0.0,0.0,0.0,0.0,0.0,0.0,0.0,0.0,0.0,0.08684210526315793,0.15420560747663556,0.15797901711761458,0.007053254437869822,0.01888746037948404,0.0,0.06917293233082708,0.10672990063233967,0.1016223372901798,0.17647058823529413,0.0,0.3,0.0,0.0,0.5,0.0,0.0,0.0,0.0,0.5,0.0,0.0,0.0,0.0,0.0,0.0,0.0,0.0,0.0,0.5,7ks6AZmFcm3Y6PGGxGSmlB
0.8988052811246674,0.0,0.0,0.0,0.0,0.0,0.0,0.0,0.0,0.0,0.0,0.0,0.0,0.0,0.296898699803398,0.0,0.0,0.0,0.0,0.0,0.0,0.0,0.0,0.0,0.0,0.0,0.0,0.0,0.0,0.0,0.0,0.0,0.0,0.0,0.0,0.0,0.0,0.0,0.0,0.0,0.0,0.32249066448109637,0.0,0.0,0.0,0.0,0.0,0.0,0.0,0.0,0.0,0.0,0.0,0.0,0.0,0.0,0.0,0.0,0.0,0.0,0.0,0.0,0.0,0.0,0.14661654135338345,0.13364485981308408,0.08136388735505246,0.006532544378698227,0.0020030978148617446,0.0002101198402130493,0.025563909774436094,0.14308943089430895,0.0873613667896947,0.1411764705882353,0.0,0.3,0.0,0.0,0.5,0.0,0.0,0.0,0.0,0.0,0.0,0.5,0.0,0.0,0.0,0.0,0.0,0.0,0.5,0.0,6DvgsZ0NiEPV9qYM931T1F
0.0,0.0,0.0,0.0,0.0,0.0,0.0,0.0,0.0,0.0,0.0,0.0,0.0,0.0,0.10745853379522892,0.0,0.0,0.0,0.0,0.0,0.0,0.3253106118047065,0.0,0.4697407980370204,0.4697407980370204,0.0,0.0,0.0,0.0,0.0,0.0,0.0,0.0,0.0,0.0,0.0,0.0,0.0,0.0,0.0,0.0,0.0,0.0,0.0,0.0,0.0,0.0,0.0,0.0,0.0,0.0,0.0,0.0,0.0,0.4697407980370204,0.4697407980370204,0.0,0.0,0.0,0.0,0.0,0.0,0.0,0.0,0.12481203007518796,0.1565420560747664,0.13285477636664825,0.001704142011834317,0.00044284937107210044,3.701731025299601e-05,0.007849624060150375,0.19909665763324302,0.10186537048960309,0.15764705882352942,0.0,0.3,0.0,0.0,0.5,0.0,0.0,0.0,0.0,0.0,0.0,0.0,0.0,0.0,0.0,0.5,0.0,0.0,0.0,0.5,1mvZErZBp7WZT3HfGBykao
0.0,0.0,0.0,0.0,0.0,0.0,0.0,0.0,0.0,0.0,0.0,0.0,0.0,0.0,0.13048928904172208,0.0,0.0,0.0,0.0,0.0,0.0,0.0,0.0,0.0,0.0,0.0,0.0,0.0,0.0,0.40876615091151414,0.5231369488064488,0.0,0.0,0.0,0.0,0.0,0.0,0.0,0.0,0.0,0.0,0.0,0.0,0.0,0.21540643245839672,0.0,0.0,0.0,0.0,0.0,0.3716324630562535,0.0,0.0,0.4895914279470855,0.0,0.0,0.0,0.0,0.0,0.0,0.0,0.34351146567017615,0.0,0.0,0.06203007518796993,0.023831775700934532,0.0,0.06414201183431953,0.04122581915620802,0.0,0.014496240601503764,0.08956639566395663,0.01432626300182276,0.05647058823529412,0.0,0.3,0.0,0.0,0.5,0.0,0.0,0.0,0.0,0.0,0.0,0.0,0.5,0.0,0.0,0.0,0.0,0.0,0.0,0.5,5YQiFmCOI90zwMRcRpMEBt
0.0,0.0,0.0,0.0,0.0,0.0,0.7432786527627576,0.5529298838568454,0.0,0.0,0.0,0.0,0.0,0.0,0.17003341962408022,0.0,0.0,0.0,0.0,0.0,0.0,0.0,0.0,0.0,0.0,0.0,0.0,0.0,0.0,0.0,0.0,0.0,0.0,0.0,0.0,0.0,0.0,0.0,0.0,0.0,0.0,0.1846898976481646,0.0,0.0,0.2806842813605485,0.0,0.0,0.0,0.0,0.0,0.0,0.0,0.0,0.0,0.0,0.0,0.0,0.0,0.0,0.0,0.0,0.0,0.0,0.0,0.14022556390977445,0.19813084112149532,0.07459966869133075,0.01140828402366864,0.019540427789880587,1.6324900133155795e-05,0.03759398496240602,0.17809394760614272,0.07340872198997035,0.2,0.0,0.3,0.0,0.0,0.5,0.0,0.0,0.0,0.0,0.0,0.0,0.0,0.0,0.0,0.0,0.0,0.5,0.0,0.5,0.0,2gam98EZKrF9XuOkU13ApN
0.0,0.0,0.0,0.0,0.0,0.0,0.0,0.0,0.0,0.0,0.0,0.0,0.0,0.0,0.16282197359206874,0.0,0.0,0.0,0.0,0.0,0.0,0.0,0.0,0.0,0.0,0.0,0.0,0.0,0.0,0.5100503797500634,0.6527600164666734,0.0,0.0,0.0,0.0,0.0,0.0,0.0,0.0,0.0,0.0,0.17685684204949426,0.0,0.0,0.2687799183739038,0.0,0.0,0.0,0.0,0.0,0.0,0.0,0.0,0.0,0.0,0.0,0.0,0.0,0.0,0.0,0.0,0.4286268643400995,0.0,0.0,0.11127819548872178,0.12196261682242993,0.06372170071783545,0.03479289940828403,0.062189509700518224,0.2,0.08721804511278197,0.15483288166214998,0.07419041832542872,0.1858823529411765,0.0,0.3,0.0,0.0,0.5,0.0,0.0,0.0,0.0,0.5,0.0,0.0,0.0,0.0,0.0,0.0,0.0,0.0,0.5,0.0,2bLqfJjuC5syrsgDsZfGmn
0.0,0.0,0.0,0.0,0.0,0.0,0.0,0.0,0.0,0.0,0.0,0.0,0.0,0.0,0.6773126020039196,0.0,0.0,0.0,0.0,0.0,0.0,0.0,0.0,0.0,0.0,0.0,0.0,0.0,0.0,0.0,0.0,0.0,0.0,0.0,0.0,0.0,0.0,0.0,0.0,0.0,0.0,0.7356953439887193,0.0,0.0,0.0,0.0,0.0,0.0,0.0,0.0,0.0,0.0,0.0,0.0,0.0,0.0,0.0,0.0,0.0,0.0,0.0,0.0,0.0,0.0,0.2,0.01728971962616819,0.08939812258420761,0.02480473372781065,0.020055928377035757,0.0,0.006887218045112784,0.19977416440831075,0.07825487653369363,0.18823529411764706,0.0,0.3,0.0,0.0,0.5,0.0,0.0,0.0,0.0,0.0,0.0,0.0,0.0,0.5,0.0,0.0,0.0,0.0,0.5,0.0,0O45fw2L5vsWpdsOdXwNAR
0.0,0.0,0.0,0.0,0.0,0.0,0.0,0.0,0.0,0.0,0.0,0.0,0.0,0.0,0.6773126020039196,0.0,0.0,0.0,0.0,0.0,0.0,0.0,0.0,0.0,0.0,0.0,0.0,0.0,0.0,0.0,0.0,0.0,0.0,0.0,0.0,0.0,0.0,0.0,0.0,0.0,0.0,0.7356953439887193,0.0,0.0,0.0,0.0,0.0,0.0,0.0,0.0,0.0,0.0,0.0,0.0,0.0,0.0,0.0,0.0,0.0,0.0,0.0,0.0,0.0,0.0,0.05526315789473682,0.050467289719626156,0.06046383213694091,0.13988165680473374,0.18659698473396566,0.0,0.02285714285714286,0.11598915989159891,0.0,0.0,0.0,0.3,0.0,0.0,0.5,0.0,0.0,0.0,0.0,0.0,0.0,0.0,0.0,0.0,0.5,0.0,0.0,0.0,0.5,0.0,3RRFywqWaZYOj87A4fLQrq
0.0,0.0,0.0,0.0,0.0,0.0,0.0,0.0,0.0,0.0,0.0,0.0,0.0,0.0,0.6773126020039196,0.0,0.0,0.0,0.0,0.0,0.0,0.0,0.0,0.0,0.0,0.0,0.0,0.0,0.0,0.0,0.0,0.0,0.0,0.0,0.0,0.0,0.0,0.0,0.0,0.0,0.0,0.7356953439887193,0.0,0.0,0.0,0.0,0.0,0.0,0.0,0.0,0.0,0.0,0.0,0.0,0.0,0.0,0.0,0.0,0.0,0.0,0.0,0.0,0.0,0.0,0.09473684210526319,0.08271028037383177,0.11178906681391494,0.021017751479289946,0.04191315327241492,0.0002716378162450067,0.16360902255639098,0.07962962962962963,0.003893972232550125,0.0,0.0,0.3,0.0,0.0,0.5,0.0,0.0,0.0,0.0,0.0,0.0,0.0,0.0,0.5,0.0,0.0,0.0,0.0,0.0,0.5,76D83dghHeE2NFedPFD4tf
0.0,0.0,0.0,0.0,0.0,0.0,0.0,0.0,0.0,0.0,0.0,0.0,0.0,0.0,0.22034427479862306,0.0,0.0,0.0,0.0,0.0,0.0,0.6670510783163784,0.0,0.0,0.0,0.0,0.0,0.0,0.0,0.0,0.0,0.0,0.0,0.0,0.0,0.0,0.0,0.0,0.0,0.0,0.0,0.2393374293705815,0.0,0.0,0.0,0.0,0.47392449524302266,0.0,0.0,0.0,0.0,0.0,0.0,0.0,0.0,0.0,0.47392449524302266,0.0,0.0,0.0,0.0,0.0,0.0,0.0,0.11052631578947368,0.060280373831775695,0.09685256764218664,0.0009940828402366848,0.0,0.0003355525965379495,0.017353383458646617,0.1491869918699187,0.09282961377671778,0.1670588235294118,0.0,0.3,0.0,0.0,0.5,0.0,0.0,0.0,0.0,0.0,0.0,0.5,0.0,0.0,0.0,0.0,0.0,0.0,0.5,0.0,0WCiI0ddWiu5F2kSHgfw5S
0.0,0.0,0.0,0.0,0.0,0.0,0.0,0.0,0.0,0.0,0.0,0.0,0.0,0.0,0.22034427479862306,0.0,0.0,0.0,0.0,0.0,0.0,0.6670510783163784,0.0,0.0,0.0,0.0,0.0,0.0,0.0,0.0,0.0,0.0,0.0,0.0,0.0,0.0,0.0,0.0,0.0,0.0,0.0,0.2393374293705815,0.0,0.0,0.0,0.0,0.47392449524302266,0.0,0.0,0.0,0.0,0.0,0.0,0.0,0.0,0.0,0.47392449524302266,0.0,0.0,0.0,0.0,0.0,0.0,0.0,0.1469924812030075,0.030841121495327074,0.13553285477636665,0.03394082840236686,0.0023261448494789837,0.0,0.018015037593984966,0.15280036133694672,0.08379929810561065,0.16941176470588237,0.3,0.0,0.0,0.0,0.0,0.5,0.0,0.5,0.0,0.0,0.0,0.0,0.0,0.0,0.0,0.0,0.0,0.0,0.0,0.5,6vc2Jq2vaGu8z326kSrw92
0.0,0.0,0.0,0.0,0.0,0.0,0.0,0.0,0.0,0.0,0.0,0.0,0.0,0.0,0.22034427479862306,0.0,0.0,0.0,0.0,0.0,0.0,0.6670510783163784,0.0,0.0,0.0,0.0,0.0,0.0,0.0,0.0,0.0,0.0,0.0,0.0,0.0,0.0,0.0,0.0,0.0,0.0,0.0,0.2393374293705815,0.0,0.0,0.0,0.0,0.47392449524302266,0.0,0.0,0.0,0.0,0.0,0.0,0.0,0.0,0.0,0.47392449524302266,0.0,0.0,0.0,0.0,0.0,0.0,0.0,0.12030075187969924,0.13598130841121492,0.16791827719491992,0.05467455621301775,0.034043177641846,0.0,0.07819548872180451,0.1433152664859982,0.08374670136842202,0.19529411764705884,0.0,0.3,0.0,0.0,0.5,0.0,0.0,0.0,0.5,0.0,0.0,0.0,0.0,0.0,0.0,0.0,0.0,0.0,0.5,0.0,0HPD5WQqrq7wPWR7P7Dw1i
0.0,0.0,0.0,0.0,0.0,0.0,0.0,0.0,0.0,0.0,0.0,0.0,0.0,0.0,0.22034427479862306,0.0,0.0,0.0,0.0,0.0,0.0,0.6670510783163784,0.0,0.0,0.0,0.0,0.0,0.0,0.0,0.0,0.0,0.0,0.0,0.0,0.0,0.0,0.0,0.0,0.0,0.0,0.0,0.2393374293705815,0.0,0.0,0.0,0.0,0.47392449524302266,0.0,0.0,0.0,0.0,0.0,0.0,0.0,0.0,0.0,0.47392449524302266,0.0,0.0,0.0,0.0,0.0,0.0,0.0,0.11315789473684208,0.12663551401869158,0.10767531750414135,0.006721893491124259,0.003377766047275529,0.00044474034620506,0.02646616541353384,0.12953929539295395,0.08360523428219056,0.17411764705882354,0.0,0.3,0.0,0.0,0.5,0.0,0.0,0.0,0.0,0.0,0.0,0.0,0.0,0.0,0.5,0.0,0.0,0.0,0.0,0.5,3LUWWox8YYykohBbHUrrxd
0.0,0.0,0.0,0.0,0.0,0.0,0.0,0.0,0.0,0.0,0.0,0.0,0.0,0.0,0.22034427479862306,0.0,0.0,0.0,0.0,0.0,0.0,0.6670510783163784,0.0,0.0,0.0,0.0,0.0,0.0,0.0,0.0,0.0,0.0,0.0,0.0,0.0,0.0,0.0,0.0,0.0,0.0,0.0,0.2393374293705815,0.0,0.0,0.0,0.0,0.47392449524302266,0.0,0.0,0.0,0.0,0.0,0.0,0.0,0.0,0.0,0.47392449524302266,0.0,0.0,0.0,0.0,0.0,0.0,0.0,0.11917293233082704,0.13551401869158877,0.15535615681943676,0.04189349112426036,0.028956905181915005,0.00011318242343541946,0.11879699248120301,0.09927732610659441,0.08370135935360423,0.15058823529411766,0.0,0.3,0.0,0.0,0.5,0.0,0.0,0.0,0.0,0.0,0.0,0.0,0.0,0.0,0.0,0.0,0.5,0.0,0.0,0.5,7lWUJpax919G4JdaFEVmCy
0.8988052811246674,0.0,0.0,0.0,0.0,0.0,0.0,0.0,0.0,0.0,0.0,0.0,0.0,0.0,0.296898699803398,0.0,0.0,0.0,0.0,0.0,0.0,0.0,0.0,0.0,0.0,0.0,0.0,0.0,0.0,0.0,0.0,0.0,0.0,0.0,0.0,0.0,0.0,0.0,0.0,0.0,0.0,0.32249066448109637,0.0,0.0,0.0,0.0,0.0,0.0,0.0,0.0,0.0,0.0,0.0,0.0,0.0,0.0,0.0,0.0,0.0,0.0,0.0,0.0,0.0,0.0,0.08609022556390977,0.18130841121495334,0.1367200441744892,0.020449704142011835,0.0003569326065462389,7.376830892143809e-06,0.07248120300751881,0.10176151761517616,0.10361375858097631,0.16470588235294117,0.0,0.3,0.0,0.0,0.5,0.0,0.0,0.0,0.0,0.0,0.0,0.0,0.0,0.0,0.0,0.0,0.5,0.0,0.5,0.0,7F25roCtYi55JouckaayPC
0.8988052811246674,0.0,0.0,0.0,0.0,0.0,0.0,0.0,0.0,0.0,0.0,0.0,0.0,0.0,0.296898699803398,0.0,0.0,0.0,0.0,0.0,0.0,0.0,0.0,0.0,0.0,0.0,0.0,0.0,0.0,0.0,0.0,0.0,0.0,0.0,0.0,0.0,0.0,0.0,0.0,0.0,0.0,0.32249066448109637,0.0,0.0,0.0,0.0,0.0,0.0,0.0,0.0,0.0,0.0,0.0,0.0,0.0,0.0,0.0,0.0,0.0,0.0,0.0,0.0,0.0,0.0,0.0706766917293233,0.11542056074766359,0.05991165102153506,0.009325443786982246,0.00012220800586158534,0.00039946737683089215,0.10406015037593985,0.06336946702800361,0.045604998503713516,0.1623529411764706,0.0,0.3,0.0,0.0,0.5,0.0,0.0,0.0,0.0,0.0,0.0,0.0,0.0,0.0,0.0,0.0,0.0,0.5,0.5,0.0,1HHeOs6zRdF8Ck58easiAY
0.0,0.0,0.0,0.7018552217735781,0.0,0.0,0.0,0.0,0.0,0.0,0.0,0.0,0.0,0.0,0.2070589467666055,0.0,0.0,0.0,0.0,0.0,0.0,0.0,0.0,0.0,0.0,0.0,0.0,0.0,0.0,0.0,0.0,0.0,0.0,0.0,0.0,0.0,0.0,0.0,0.0,0.0,0.0,0.22490693753032842,0.0,0.0,0.34180452172842146,0.0,0.0,0.0,0.0,0.0,0.0,0.0,0.0,0.0,0.0,0.0,0.0,0.0,0.0,0.0,0.0,0.5450801579674309,0.0,0.0,0.05563909774436087,0.13224299065420558,0.11587520706791828,0.05088757396449705,0.00295505556580829,0.0,0.004090225563909775,0.11192411924119242,0.18168545337480613,0.19764705882352943,0.0,0.3,0.0,0.0,0.5,0.0,0.0,0.5,0.0,0.0,0.0,0.0,0.0,0.0,0.0,0.0,0.0,0.0,0.0,0.5,49FYlytm3dAAraYgpoJZux
0.0,0.0,0.0,0.7018552217735781,0.0,0.0,0.0,0.0,0.0,0.0,0.0,0.0,0.0,0.0,0.2070589467666055,0.0,0.0,0.0,0.0,0.0,0.0,0.0,0.0,0.0,0.0,0.0,0.0,0.0,0.0,0.0,0.0,0.0,0.0,0.0,0.0,0.0,0.0,0.0,0.0,0.0,0.0,0.22490693753032842,0.0,0.0,0.34180452172842146,0.0,0.0,0.0,0.0,0.0,0.0,0.0,0.0,0.0,0.0,0.0,0.0,0.0,0.0,0.0,0.0,0.5450801579674309,0.0,0.0,0.15037593984962405,0.057476635514018694,0.08884594146880176,0.017893491124260356,0.011532985336070299,1.8428761651131827e-05,0.00736842105263158,0.10447154471544717,0.08853481813317857,0.18823529411764706,0.0,0.3,0.0,0.0,0.5,0.0,0.0,0.0,0.0,0.0,0.0,0.0,0.5,0.0,0.0,0.0,0.0,0.0,0.5,0.0,0ByMNEPAPpOR5H69DVrTNy
0.0,0.0,0.0,0.0,0.0,0.0,0.0,0.0,0.0,0.0,0.0,0.0,0.0,0.0,0.29575936899277205,0.0,0.0,0.0,0.0,0.0,0.0,0.0,0.0,0.0,0.0,0.0,0.0,0.0,0.0,0.0,0.0,0.0,0.0,0.0,0.0,0.0,0.0,0.0,0.0,0.0,0.0,0.321253126053256,0.0,0.0,0.0,0.0,0.6361300278457259,0.0,0.0,0.0,0.0,0.0,0.0,0.0,0.0,0.0,0.6361300278457259,0.0,0.0,0.0,0.0,0.0,0.0,0.0,0.1218045112781955,0.0714953271028037,0.08434566537824405,0.001988165680473372,0.0694065179206906,3.4886817576564586e-05,0.12451127819548874,0.1869015356820235,0.034653995084925594,0.18823529411764706,0.3,0.0,0.0,0.0,0.0,0.5,0.5,0.0,0.0,0.0,0.0,0.0,0.0,0.0,0.0,0.0,0.0,0.0,0.5,0.0,3MjUtNVVq3C8Fn0MP3zhXa
0.0,0.0,0.0,0.0,0.0,0.0,0.0,0.0,0.0,0.0,0.0,0.0,0.0,0.0,0.29068263683846224,0.0,0.0,0.0,0.0,0.0,0.0,0.0,0.0,0.0,0.0,0.0,0.0,0.0,0.0,0.0,0.0,0.0,0.0,0.0,0.0,0.0,0.0,0.0,0.0,0.0,0.0,0.31573879161218216,0.0,0.0,0.4798471218503816,0.0,0.0,0.0,0.0,0.0,0.0,0.0,0.0,0.0,0.0,0.0,0.0,0.0,0.0,0.0,0.0,0.7652185045879527,0.0,0.0,0.15488721804511277,0.097196261682243,0.09265599116510215,0.07881656804733728,0.0027488553309462224,1.1957390146471373e-06,0.006827067669172935,0.198193315266486,0.04742230645760977,0.10588235294117648,0.0,0.3,0.0,0.0,0.5,0.0,0.0,0.0,0.0,0.0,0.0,0.0,0.5,0.0,0.0,0.0,0.0,0.0,0.0,0.5,45BWoAVKPweZTPWzzFetSD
0.0,0.0,0.0,0.0,0.0,0.0,0.0,0.0,0.0,0.0,0.0,0.0,0.0,0.0,0.6773126020039196,0.0,0.0,0.0,0.0,0.0,0.0,0.0,0.0,0.0,0.0,0.0,0.0,0.0,0.0,0.0,0.0,0.0,0.0,0.0,0.0,0.0,0.0,0.0,0.0,0.0,0.0,0.7356953439887193,0.0,0.0,0.0,0.0,0.0,0.0,0.0,0.0,0.0,0.0,0.0,0.0,0.0,0.0,0.0,0.0,0.0,0.0,0.0,0.0,0.0,0.0,0.0996240601503759,0.07616822429906539,0.10474875759249032,0.027124260355029586,0.0016353740626910574,0.0,0.0,0.12299006323396566,0.08735773942850927,0.1858823529411765,0.0,0.3,0.0,0.0,0.5,0.0,0.0,0.0,0.0,0.0,0.0,0.0,0.0,0.5,0.0,0.0,0.0,0.0,0.0,0.5,1gv4xPanImH17bKZ9rOveR
0.0,0.0,0.0,0.0,0.0,0.0,0.0,0.0,0.0,0.0,0.0,0.0,0.0,0.0,0.6773126020039196,0.0,0.0,0.0,0.0,0.0,0.0,0.0,0.0,0.0,0.0,0.0,0.0,0.0,0.0,0.0,0.0,0.0,0.0,0.0,0.0,0.0,0.0,0.0,0.0,0.0,0.0,0.7356953439887193,0.0,0.0,0.0,0.0,0.0,0.0,0.0,0.0,0.0,0.0,0.0,0.0,0.0,0.0,0.0,0.0,0.0,0.0,0.0,0.0,0.0,0.0,0.037218045112781976,0.15140186915887854,0.15797901711761458,0.007573964497041422,0.00010055698120106825,0.0,0.06375939849624061,0.08640469738030715,0.09461246179935251,0.1858823529411765,0.0,0.3,0.0,0.0,0.5,0.0,0.0,0.0,0.0,0.0,0.0,0.0,0.0,0.0,0.0,0.0,0.0,0.5,0.5,0.0,0JiY190vktuhSGN6aqJdrt
0.8988052811246674,0.0,0.0,0.0,0.0,0.0,0.0,0.0,0.0,0.0,0.0,0.0,0.0,0.0,0.296898699803398,0.0,0.0,0.0,0.0,0.0,0.0,0.0,0.0,0.0,0.0,0.0,0.0,0.0,0.0,0.0,0.0,0.0,0.0,0.0,0.0,0.0,0.0,0.0,0.0,0.0,0.0,0.32249066448109637,0.0,0.0,0.0,0.0,0.0,0.0,0.0,0.0,0.0,0.0,0.0,0.0,0.0,0.0,0.0,0.0,0.0,0.0,0.0,0.0,0.0,0.0,0.09812030075187966,0.17523364485981308,0.13928768636112643,0.00463905325443787,0.0010648867462393374,1.3954727030625836e-05,0.016601503759398496,0.1433152664859982,0.08188405139970803,0.19529411764705884,0.3,0.0,0.0,0.5,0.0,0.0,0.5,0.0,0.0,0.0,0.0,0.0,0.0,0.0,0.0,0.0,0.0,0.0,0.0,0.5,0SiywuOBRcynK0uKGWdCnn
0.8988052811246674,0.0,0.0,0.0,0.0,0.0,0.0,0.0,0.0,0.0,0.0,0.0,0.0,0.0,0.296898699803398,0.0,0.0,0.0,0.0,0.0,0.0,0.0,0.0,0.0,0.0,0.0,0.0,0.0,0.0,0.0,0.0,0.0,0.0,0.0,0.0,0.0,0.0,0.0,0.0,0.0,0.0,0.32249066448109637,0.0,0.0,0.0,0.0,0.0,0.0,0.0,0.0,0.0,0.0,0.0,0.0,0.0,0.0,0.0,0.0,0.0,0.0,0.0,0.0,0.0,0.0,0.05714285714285712,0.13177570093457944,0.10193263390392049,0.06366863905325444,0.0011095634637927853,0.0,0.09082706766917295,0.09363143631436316,0.09078196838754726,0.16470588235294117,0.0,0.3,0.0,0.0,0.5,0.0,0.0,0.0,0.0,0.0,0.0,0.0,0.0,0.0,0.0,0.0,0.0,0.5,0.0,0.5,6r2BECwMgEoRb5yLfp0Hca
0.0,0.0,0.0,0.0,0.0,0.0,0.0,0.0,0.0,0.0,0.0,0.0,0.0,0.0,0.0,0.0,0.0,0.0,0.0,0.0,0.0,0.0,0.0,0.0,0.0,0.0,0.0,0.0,0.0,0.0,0.0,0.0,0.0,0.0,0.0,0.0,1.0,0.0,0.0,0.0,0.0,0.0,0.0,0.0,0.0,0.0,0.0,0.0,0.0,0.0,0.0,0.0,0.0,0.0,0.0,0.0,0.0,0.0,0.0,0.0,0.0,0.0,0.0,0.0,0.0003759398496240518,0.1621495327102804,0.12755383765875206,0.013775147928994085,0.00011017965882796476,0.0,0.022255639097744362,0.0,0.09115558658964572,0.1623529411764706,0.0,0.3,0.0,0.0,0.5,0.0,0.0,0.0,0.0,0.0,0.0,0.0,0.0,0.0,0.0,0.5,0.0,0.0,0.5,0.0,5rLi8B8qgk6qThwRnKHW2P
0.0,0.0,0.0,0.0,0.0,0.0,0.0,0.0,0.0,0.0,0.0,0.0,0.0,0.0,0.0,0.0,0.0,0.0,0.0,0.0,0.0,0.0,0.0,0.0,0.0,0.0,0.0,0.0,0.0,0.0,0.0,0.0,0.0,0.0,0.0,0.0,0.0,0.0,0.0,0.0,0.0,0.0,0.0,0.0,0.0,0.0,0.0,0.0,0.0,0.0,0.0,0.0,0.0,0.0,0.0,0.0,0.0,0.0,0.0,0.0,0.0,0.0,0.0,0.0,0.08270676691729323,0.11775700934579439,0.04591385974599669,0.04946745562130178,0.00021190510802658472,0.0,0.09203007518796993,0.1751580849141825,0.09839217215456189,0.15058823529411766,0.0,0.3,0.0,0.0,0.5,0.0,0.0,0.0,0.5,0.0,0.0,0.0,0.0,0.0,0.0,0.0,0.0,0.0,0.0,0.5,2YdX7PEziOImkySNDWsaKM
0.0,0.0,0.0,0.0,0.0,0.0,0.0,0.0,0.0,0.0,0.0,0.0,0.0,0.0,0.31828016609482584,0.0,0.0,0.0,0.7093161450104729,0.0,0.0,0.0,0.0,0.0,0.0,0.0,0.0,0.0,0.0,0.0,0.0,0.0,0.0,0.0,0.0,0.0,0.0,0.0,0.0,0.0,0.0,0.34571516252190526,0.0,0.0,0.5254040052193972,0.0,0.0,0.0,0.0,0.0,0.0,0.0,0.0,0.0,0.0,0.0,0.0,0.0,0.0,0.0,0.0,0.0,0.0,0.0,0.118796992481203,0.11074766355140189,0.1401435670900055,0.028118343195266272,0.0012882703340065772,0.0,0.002105263157894735,0.16635049683830172,0.08365057629700834,0.19529411764705884,0.0,0.3,0.0,0.0,0.5,0.0,0.0,0.0,0.0,0.0,0.5,0.0,0.0,0.0,0.0,0.0,0.0,0.0,0.0,0.5,2CEgGE6aESpnmtfiZwYlbV
0.0,0.0,0.41621821131794495,0.0,0.0,0.0,0.0,0.0,0.0,0.0,0.0,0.0,0.0,0.0,0.0,0.4447363917696705,0.0,0.0,0.0,0.0,0.0,0.0,0.0,0.0,0.0,0.0,0.0,0.0,0.0,0.3475059130285664,0.0,0.0,0.0,0.0,0.0,0.0,0.0,0.0,0.0,0.0,0.4849305096073234,0.0,0.0,0.0,0.0,0.0,0.0,0.0,0.0,0.0,0.3159373106051885,0.0,0.0,0.41621821131794495,0.0,0.0,0.0,0.0,0.0,0.0,0.0,0.0,0.0,0.0,0.10977443609022558,0.2,0.18053561568194365,0.018887573964497043,0.03538347916844944,0.00014167776298268977,0.04360902255639098,0.2,0.010289010002448463,0.19529411764705884,0.0,0.3,0.0,0.0,0.5,0.0,0.0,0.0,0.0,0.0,0.5,0.0,0.0,0.0,0.0,0.0,0.0,0.0,0.5,0.0,2PpruBYCo4H7WOBJ7Q2EwM
0.0,0.0,0.0,0.0,0.0,0.0,0.0,0.0,0.0,0.0,0.0,0.0,0.0,0.0,0.45153136476930744,0.0,0.0,0.0,0.0,0.0,0.0,0.0,0.0,0.0,0.0,0.0,0.0,0.0,0.0,0.0,0.0,0.0,0.0,0.0,0.0,0.0,0.0,0.0,0.0,0.0,0.0,0.4904522988983588,0.0,0.0,0.74536968621945,0.0,0.0,0.0,0.0,0.0,0.0,0.0,0.0,0.0,0.0,0.0,0.0,0.0,0.0,0.0,0.0,0.0,0.0,0.0,0.13345864661654136,0.03271028037383177,0.037465488680287165,0.015668639053254437,0.02022776190608748,1.7443408788282293e-05,0.04270676691729324,0.08888888888888889,0.10184904736426864,0.0,0.0,0.3,0.0,0.0,0.5,0.0,0.5,0.0,0.0,0.0,0.0,0.0,0.0,0.0,0.0,0.0,0.0,0.0,0.0,0.5,7n6ibfsRHhCb1Ccl9Fg2CZ
0.0,0.0,0.0,0.0,0.0,0.0,0.0,0.0,0.0,0.0,0.0,0.0,0.0,0.0,0.29575936899277205,0.0,0.0,0.0,0.0,0.0,0.0,0.0,0.0,0.0,0.0,0.0,0.0,0.0,0.0,0.0,0.0,0.0,0.0,0.0,0.0,0.0,0.0,0.0,0.0,0.0,0.0,0.321253126053256,0.0,0.0,0.0,0.0,0.6361300278457259,0.0,0.0,0.0,0.0,0.0,0.0,0.0,0.0,0.0,0.6361300278457259,0.0,0.0,0.0,0.0,0.0,0.0,0.0,0.08007518796992481,0.08224299065420558,0.11007730535615681,0.00766863905325444,0.0035255428822600107,0.0,0.06345864661654137,0.06991869918699188,0.10722479664106355,0.14352941176470588,0.0,0.3,0.0,0.0,0.5,0.0,0.5,0.0,0.0,0.0,0.0,0.0,0.0,0.0,0.0,0.0,0.0,0.0,0.5,0.0,7Dyq1bhhjknLKEGg4k5NLr
0.0,0.0,0.0,0.0,0.0,0.0,0.0,0.0,0.0,0.0,0.0,0.0,0.0,0.0,0.29575936899277205,0.0,0.0,0.0,0.0,0.0,0.0,0.0,0.0,0.0,0.0,0.0,0.0,0.0,0.0,0.0,0.0,0.0,0.0,0.0,0.0,0.0,0.0,0.0,0.0,0.0,0.0,0.321253126053256,0.0,0.0,0.0,0.0,0.6361300278457259,0.0,0.0,0.0,0.0,0.0,0.0,0.0,0.0,0.0,0.6361300278457259,0.0,0.0,0.0,0.0,0.0,0.0,0.0,0.0969924812030075,0.07429906542056074,0.08429044726670348,0.01893491124260355,0.007821381108553084,0.0,0.05203007518796994,0.08369467028003615,0.1053712150753131,0.16000000000000003,0.0,0.3,0.0,0.0,0.5,0.0,0.0,0.0,0.0,0.0,0.0,0.0,0.0,0.0,0.5,0.0,0.0,0.0,0.0,0.5,38iU2jg98IZZEIJPrP7aWD
0.0,0.0,0.0,0.0,0.0,0.0,0.0,0.0,0.0,0.0,0.0,0.0,0.0,0.0,0.29575936899277205,0.0,0.0,0.0,0.0,0.0,0.0,0.0,0.0,0.0,0.0,0.0,0.0,0.0,0.0,0.0,0.0,0.0,0.0,0.0,0.0,0.0,0.0,0.0,0.0,0.0,0.0,0.321253126053256,0.0,0.0,0.0,0.0,0.6361300278457259,0.0,0.0,0.0,0.0,0.0,0.0,0.0,0.0,0.0,0.6361300278457259,0.0,0.0,0.0,0.0,0.0,0.0,0.0,0.09812030075187966,0.0,0.06212037548315848,0.007053254437869822,0.0012882703340065772,1.0119840213049267e-06,0.0911278195488722,0.15980126467931347,0.10183635160011972,0.16000000000000003,0.0,0.3,0.0,0.0,0.5,0.0,0.0,0.0,0.0,0.0,0.0,0.5,0.0,0.0,0.0,0.0,0.0,0.0,0.0,0.5,5cCAZS9VhLGEDV4NCfieeg
0.0,0.0,0.0,0.0,0.0,0.0,0.0,0.0,0.0,0.0,0.0,0.0,0.0,0.0,0.29575936899277205,0.0,0.0,0.0,0.0,0.0,0.0,0.0,0.0,0.0,0.0,0.0,0.0,0.0,0.0,0.0,0.0,0.0,0.0,0.0,0.0,0.0,0.0,0.0,0.0,0.0,0.0,0.321253126053256,0.0,0.0,0.0,0.0,0.6361300278457259,0.0,0.0,0.0,0.0,0.0,0.0,0.0,0.0,0.0,0.6361300278457259,0.0,0.0,0.0,0.0,0.0,0.0,0.0,0.12744360902255641,0.13644859813084112,0.1348978464936499,0.04142011834319527,0.00854308193057032,0.006657789613848203,0.06406015037593986,0.19074074074074077,0.12548311916788332,0.2,0.0,0.3,0.0,0.0,0.5,0.0,0.0,0.0,0.0,0.0,0.0,0.5,0.0,0.0,0.0,0.0,0.0,0.0,0.5,0.0,6I9VzXrHxO9rA9A5euc8Ak
0.0,0.0,0.0,0.0,0.0,0.0,0.0,0.0,0.0,0.0,0.0,0.0,0.0,0.0,0.29575936899277205,0.0,0.0,0.0,0.0,0.0,0.0,0.0,0.0,0.0,0.0,0.0,0.0,0.0,0.0,0.0,0.0,0.0,0.0,0.0,0.0,0.0,0.0,0.0,0.0,0.0,0.0,0.321253126053256,0.0,0.0,0.0,0.0,0.6361300278457259,0.0,0.0,0.0,0.0,0.0,0.0,0.0,0.0,0.0,0.6361300278457259,0.0,0.0,0.0,0.0,0.0,0.0,0.0,0.10864661654135338,0.06962616822429904,0.09867476532302595,0.016899408284023667,0.025073467425346066,0.0,0.018015037593984966,0.035140018066847335,0.11815584957333165,0.1858823529411765,0.0,0.3,0.0,0.0,0.5,0.0,0.0,0.0,0.0,0.0,0.0,0.0,0.0,0.0,0.0,0.0,0.0,0.5,0.0,0.5,4fixebDZAVToLbUCuEloa2
0.0,0.0,0.0,0.0,0.0,0.0,0.0,0.0,0.0,0.0,0.0,0.0,0.0,0.0,0.29575936899277205,0.0,0.0,0.0,0.0,0.0,0.0,0.0,0.0,0.0,0.0,0.0,0.0,0.0,0.0,0.0,0.0,0.0,0.0,0.0,0.0,0.0,0.0,0.0,0.0,0.0,0.0,0.321253126053256,0.0,0.0,0.0,0.0,0.6361300278457259,0.0,0.0,0.0,0.0,0.0,0.0,0.0,0.0,0.0,0.6361300278457259,0.0,0.0,0.0,0.0,0.0,0.0,0.0,0.13383458646616542,0.08738317757009342,0.09897846493649916,0.01207100591715976,0.05050482972500106,0.00010146471371504662,0.012721804511278197,0.15392953929539296,0.0745912417364178,0.1811764705882353,0.0,0.3,0.0,0.0,0.5,0.0,0.0,0.0,0.0,0.0,0.0,0.0,0.5,0.0,0.0,0.0,0.0,0.0,0.5,0.0,7jk7gqyEonmVVYahZN5zhW
0.0,0.0,0.0,0.0,0.0,0.0,0.0,0.5618705933104163,0.5856714642746841,0.0,0.0,0.0,0.0,0.0,0.17278280873586424,0.0,0.0,0.0,0.0,0.0,0.0,0.0,0.0,0.0,0.0,0.0,0.0,0.0,0.0,0.0,0.0,0.0,0.0,0.0,0.0,0.0,0.0,0.0,0.0,0.0,0.0,0.1876762775890786,0.0,0.0,0.0,0.0,0.3716275609686405,0.0,0.0,0.0,0.0,0.0,0.0,0.0,0.0,0.0,0.3716275609686405,0.0,0.0,0.0,0.0,0.0,0.0,0.0,0.019548872180451118,0.16542056074766354,0.12101049144119269,0.010272189349112427,9.107177039741316e-06,0.0,0.09894736842105263,0.09137308039747064,0.1379920742158099,0.1858823529411765,0.0,0.3,0.0,0.0,0.5,0.0,0.5,0.0,0.0,0.0,0.0,0.0,0.0,0.0,0.0,0.0,0.0,0.0,0.0,0.5,00Mb3DuaIH1kjrwOku9CGU
0.0,0.0,0.0,0.0,0.0,0.0,0.0,0.5618705933104163,0.5856714642746841,0.0,0.0,0.0,0.0,0.0,0.17278280873586424,0.0,0.0,0.0,0.0,0.0,0.0,0.0,0.0,0.0,0.0,0.0,0.0,0.0,0.0,0.0,0.0,0.0,0.0,0.0,0.0,0.0,0.0,0.0,0.0,0.0,0.0,0.1876762775890786,0.0,0.0,0.0,0.0,0.3716275609686405,0.0,0.0,0.0,0.0,0.0,0.0,0.0,0.0,0.0,0.3716275609686405,0.0,0.0,0.0,0.0,0.0,0.0,0.0,0.046992481203007544,0.19299065420560746,0.17578685808945332,0.0357396449704142,0.00023389979974520526,5.8854860186418116e-05,0.05413533834586466,0.13315266485998195,0.16346703182102598,0.18352941176470589,0.0,0.3,0.0,0.0,0.5,0.0,0.0,0.0,0.0,0.0,0.0,0.0,0.0,0.5,0.0,0.0,0.0,0.0,0.0,0.5,45hOioMDJktr86iKDHC8gr
0.0,0.0,0.0,0.0,0.0,0.0,0.0,0.5618705933104163,0.5856714642746841,0.0,0.0,0.0,0.0,0.0,0.17278280873586424,0.0,0.0,0.0,0.0,0.0,0.0,0.0,0.0,0.0,0.0,0.0,0.0,0.0,0.0,0.0,0.0,0.0,0.0,0.0,0.0,0.0,0.0,0.0,0.0,0.0,0.0,0.1876762775890786,0.0,0.0,0.0,0.0,0.3716275609686405,0.0,0.0,0.0,0.0,0.0,0.0,0.0,0.0,0.0,0.3716275609686405,0.0,0.0,0.0,0.0,0.0,0.0,0.0,0.07481203007518795,0.1411214953271028,0.1368580894533407,0.009704142011834319,0.000800263111499684,0.0,0.011759398496240601,0.12818428184281844,0.05659046185376296,0.15529411764705883,0.0,0.3,0.0,0.0,0.0,0.5,0.0,0.5,0.0,0.0,0.0,0.0,0.0,0.0,0.0,0.0,0.0,0.0,0.5,0.0,4bia7OWZPoswlzXCqESYrR
0.0,0.0,0.0,0.0,0.0,0.0,0.0,0.5618705933104163,0.5856714642746841,0.0,0.0,0.0,0.0,0.0,0.17278280873586424,0.0,0.0,0.0,0.0,0.0,0.0,0.0,0.0,0.0,0.0,0.0,0.0,0.0,0.0,0.0,0.0,0.0,0.0,0.0,0.0,0.0,0.0,0.0,0.0,0.0,0.0,0.1876762775890786,0.0,0.0,0.0,0.0,0.3716275609686405,0.0,0.0,0.0,0.0,0.0,0.0,0.0,0.0,0.0,0.3716275609686405,0.0,0.0,0.0,0.0,0.0,0.0,0.0,0.05375939849624056,0.17757009345794394,0.14110988404196576,0.013396449704142013,0.0016078806980427821,0.003382157123834887,0.03338345864661655,0.180126467931346,0.13806280775892557,0.1811764705882353,0.0,0.3,0.0,0.0,0.5,0.0,0.0,0.0,0.0,0.0,0.0,0.0,0.5,0.0,0.0,0.0,0.0,0.0,0.5,0.0,2z4U9d5OAA4YLNXoCgioxo
0.0,0.0,0.0,0.7018552217735781,0.0,0.0,0.0,0.0,0.0,0.0,0.0,0.0,0.0,0.0,0.2070589467666055,0.0,0.0,0.0,0.0,0.0,0.0,0.0,0.0,0.0,0.0,0.0,0.0,0.0,0.0,0.0,0.0,0.0,0.0,0.0,0.0,0.0,0.0,0.0,0.0,0.0,0.0,0.22490693753032842,0.0,0.0,0.34180452172842146,0.0,0.0,0.0,0.0,0.0,0.0,0.0,0.0,0.0,0.0,0.0,0.0,0.0,0.0,0.0,0.0,0.5450801579674309,0.0,0.0,0.1255639097744361,0.06448598130841124,0.10438983986747652,0.0069112426035502945,0.0035942762938806997,3.328894806924102e-05,0.017954887218045112,0.17064137308039748,0.09815457999691675,0.1858823529411765,0.0,0.3,0.0,0.0,0.5,0.0,0.0,0.5,0.0,0.0,0.0,0.0,0.0,0.0,0.0,0.0,0.0,0.0,0.0,0.5,7ySUcLPVX7KudhnmNcgY2D
0.8988052811246674,0.0,0.0,0.0,0.0,0.0,0.0,0.0,0.0,0.0,0.0,0.0,0.0,0.0,0.296898699803398,0.0,0.0,0.0,0.0,0.0,0.0,0.0,0.0,0.0,0.0,0.0,0.0,0.0,0.0,0.0,0.0,0.0,0.0,0.0,0.0,0.0,0.0,0.0,0.0,0.0,0.0,0.32249066448109637,0.0,0.0,0.0,0.0,0.0,0.0,0.0,0.0,0.0,0.0,0.0,0.0,0.0,0.0,0.0,0.0,0.0,0.0,0.0,0.0,0.0,0.0,0.14548872180451125,0.09018691588785047,0.1175869685256764,0.0021775147928994073,0.009058582517725488,1.1344873501997337e-05,0.04571428571428572,0.15031616982836496,0.08186772827437361,0.1858823529411765,0.0,0.3,0.0,0.0,0.5,0.0,0.0,0.5,0.0,0.0,0.0,0.0,0.0,0.0,0.0,0.0,0.0,0.0,0.5,0.0,1dzQoRqT5ucxXVaAhTcT0J
0.0,0.0,0.0,0.0,0.0,0.0,0.0,0.0,0.0,0.0,0.0,0.0,0.0,0.0,0.31828016609482584,0.0,0.0,0.0,0.7093161450104729,0.0,0.0,0.0,0.0,0.0,0.0,0.0,0.0,0.0,0.0,0.0,0.0,0.0,0.0,0.0,0.0,0.0,0.0,0.0,0.0,0.0,0.0,0.34571516252190526,0.0,0.0,0.5254040052193972,0.0,0.0,0.0,0.0,0.0,0.0,0.0,0.0,0.0,0.0,0.0,0.0,0.0,0.0,0.0,0.0,0.0,0.0,0.0,0.06466165413533834,0.18130841121495334,0.12653230259525125,0.002319526627218932,0.011223684983777198,0.0,0.018616541353383458,0.11034327009936765,0.08734141630317485,0.1811764705882353,0.0,0.3,0.0,0.0,0.5,0.0,0.0,0.0,0.0,0.5,0.0,0.0,0.0,0.0,0.0,0.0,0.0,0.0,0.0,0.5,7ElF5zxOwYP4qVSWVvse3W
0.0,0.0,0.0,0.0,0.0,0.0,0.0,0.0,0.0,0.0,0.0,0.0,0.0,0.0,0.22952397357297932,0.0,0.0,0.0,0.0,0.0,0.0,0.0,0.0,0.0,0.0,0.0,0.0,0.0,0.0,0.0,0.0,0.0,0.0,0.0,0.0,0.8611662366690832,0.0,0.0,0.0,0.0,0.0,0.2493083964359097,0.0,0.0,0.37888887796164455,0.0,0.0,0.0,0.0,0.0,0.0,0.0,0.0,0.0,0.0,0.0,0.0,0.0,0.0,0.0,0.0,0.0,0.0,0.0,0.06503759398496238,0.14672897196261686,0.09596907785753726,0.013680473372781063,0.034043177641846,0.0,0.07007518796992483,0.08075880758807588,0.09652770850525516,0.1858823529411765,0.3,0.0,0.0,0.0,0.0,0.5,0.0,0.0,0.0,0.0,0.0,0.5,0.0,0.0,0.0,0.0,0.0,0.0,0.5,0.0,1NpW5kyvO4XrNJ3rnfcNy3
0.0,0.0,0.0,0.0,0.0,0.0,0.0,0.0,0.0,0.0,0.0,0.0,0.0,0.0,0.45153136476930744,0.0,0.0,0.0,0.0,0.0,0.0,0.0,0.0,0.0,0.0,0.0,0.0,0.0,0.0,0.0,0.0,0.0,0.0,0.0,0.0,0.0,0.0,0.0,0.0,0.0,0.0,0.4904522988983588,0.0,0.0,0.74536968621945,0.0,0.0,0.0,0.0,0.0,0.0,0.0,0.0,0.0,0.0,0.0,0.0,0.0,0.0,0.0,0.0,0.0,0.0,0.0,0.162406015037594,0.1453271028037383,0.08028713418001104,0.01884023668639053,0.04466248973724249,0.00045539280958721714,0.030375939849624063,0.07285456187895213,0.1019197809073844,0.16941176470588237,0.0,0.3,0.0,0.0,0.5,0.0,0.0,0.0,0.0,0.0,0.0,0.0,0.0,0.0,0.0,0.5,0.0,0.0,0.0,0.5,3oDFtOhcN08qeDPAK6MEQG
0.0,0.0,0.0,0.0,0.0,0.0,0.0,0.0,0.0,0.0,0.0,0.0,0.0,0.0,0.29068263683846224,0.0,0.0,0.0,0.0,0.0,0.0,0.0,0.0,0.0,0.0,0.0,0.0,0.0,0.0,0.0,0.0,0.0,0.0,0.0,0.0,0.0,0.0,0.0,0.0,0.0,0.0,0.31573879161218216,0.0,0.0,0.4798471218503816,0.0,0.0,0.0,0.0,0.0,0.0,0.0,0.0,0.0,0.0,0.0,0.0,0.0,0.0,0.0,0.0,0.7652185045879527,0.0,0.0,0.12142857142857144,0.06542056074766359,0.06775262286029818,0.024946745562130182,0.02912873871096673,0.0003382157123834888,0.033984962406015035,0.08233965672990062,0.10184542000308326,0.16941176470588237,0.0,0.3,0.0,0.0,0.5,0.0,0.0,0.0,0.0,0.0,0.0,0.0,0.0,0.0,0.0,0.0,0.0,0.5,0.0,0.5,0Oe49j06Bjrxs8PltuVeaW
0.0,0.0,0.0,0.0,0.0,0.0,0.0,0.5618705933104163,0.5856714642746841,0.0,0.0,0.0,0.0,0.0,0.17278280873586424,0.0,0.0,0.0,0.0,0.0,0.0,0.0,0.0,0.0,0.0,0.0,0.0,0.0,0.0,0.0,0.0,0.0,0.0,0.0,0.0,0.0,0.0,0.0,0.0,0.0,0.0,0.1876762775890786,0.0,0.0,0.0,0.0,0.3716275609686405,0.0,0.0,0.0,0.0,0.0,0.0,0.0,0.0,0.0,0.3716275609686405,0.0,0.0,0.0,0.0,0.0,0.0,0.0,0.011278195488721799,0.19158878504672902,0.1507454445057979,0.048047337278106506,0.003295285953330701,2.689747003994674e-05,0.09203007518796993,0.13224932249322494,0.2,0.14588235294117646,0.0,0.3,0.0,0.0,0.5,0.0,0.5,0.0,0.0,0.0,0.0,0.0,0.0,0.0,0.0,0.0,0.0,0.0,0.5,0.0,471JGLzHPrgM4lS9mNOEIt
0.0,0.0,0.0,0.0,0.0,0.0,0.0,0.0,0.0,0.0,0.0,0.0,0.0,0.0,0.5181272803005453,0.0,0.0,0.0,0.0,0.0,0.0,0.0,0.0,0.0,0.0,0.0,0.0,0.0,0.0,0.0,0.0,0.0,0.0,0.0,0.0,0.0,0.0,0.0,0.0,0.0,0.0,0.0,0.0,0.0,0.8553035258949656,0.0,0.0,0.0,0.0,0.0,0.0,0.0,0.0,0.0,0.0,0.0,0.0,0.0,0.0,0.0,0.0,0.0,0.0,0.0,0.118796992481203,0.08878504672897197,0.12788514632799558,0.061301775147929,0.007065313580725503,0.0,0.07097744360902257,0.06156278229448961,0.10185811576723225,0.17647058823529413,0.0,0.3,0.0,0.0,0.5,0.0,0.0,0.0,0.0,0.0,0.0,0.5,0.0,0.0,0.0,0.0,0.0,0.0,0.5,0.0,7mitXLIMCflkhZiD34uEQI
0.0,0.0,0.0,0.0,0.0,0.0,0.0,0.0,0.0,0.0,0.0,0.0,0.0,0.0,0.5181272803005453,0.0,0.0,0.0,0.0,0.0,0.0,0.0,0.0,0.0,0.0,0.0,0.0,0.0,0.0,0.0,0.0,0.0,0.0,0.0,0.0,0.0,0.0,0.0,0.0,0.0,0.0,0.0,0.0,0.0,0.8553035258949656,0.0,0.0,0.0,0.0,0.0,0.0,0.0,0.0,0.0,0.0,0.0,0.0,0.0,0.0,0.0,0.0,0.0,0.0,0.0,0.10225563909774436,0.147196261682243,0.1263114301490889,0.13704142011834322,0.03435247799413911,0.0,0.0487218045112782,0.1616079494128275,0.10187081153138117,0.16470588235294117,0.3,0.0,0.0,0.0,0.0,0.5,0.0,0.0,0.0,0.0,0.0,0.0,0.0,0.5,0.0,0.0,0.0,0.0,0.0,0.5,70Vdd1gx5tn84jkAU31ASv
0.0,0.0,0.0,0.0,0.0,0.0,0.0,0.0,0.0,0.0,0.0,0.0,0.0,0.0,0.27794427477411315,0.0,0.0,0.0,0.6194239620063795,0.0,0.0,0.0,0.0,0.0,0.0,0.0,0.0,0.0,0.0,0.0,0.0,0.0,0.0,0.0,0.0,0.0,0.0,0.0,0.0,0.0,0.0,0.30190241291044656,0.6692651705351635,0.0,0.0,0.0,0.0,0.0,0.0,0.0,0.0,0.0,0.0,0.0,0.0,0.0,0.0,0.0,0.0,0.0,0.0,0.0,0.0,0.0,0.06390977443609024,0.11869158878504674,0.07081722805080064,0.013254437869822486,0.05325416618982864,0.014966711051930759,0.02766917293233083,0.1708672086720867,0.09833957541737326,0.15529411764705883,0.3,0.0,0.0,0.0,0.0,0.5,0.0,0.0,0.0,0.0,0.0,0.5,0.0,0.0,0.0,0.0,0.0,0.0,0.5,0.0,06h3McKzmxS8Bx58USHiMq
0.0,0.0,0.0,0.0,0.0,0.0,0.0,0.0,0.0,0.0,0.0,0.0,0.0,0.0,0.6773126020039196,0.0,0.0,0.0,0.0,0.0,0.0,0.0,0.0,0.0,0.0,0.0,0.0,0.0,0.0,0.0,0.0,0.0,0.0,0.0,0.0,0.0,0.0,0.0,0.0,0.0,0.0,0.7356953439887193,0.0,0.0,0.0,0.0,0.0,0.0,0.0,0.0,0.0,0.0,0.0,0.0,0.0,0.0,0.0,0.0,0.0,0.0,0.0,0.0,0.0,0.0,0.08045112781954887,0.04719626168224296,0.030508006626173367,0.008852071005917159,0.0013260737103979563,0.04287616511318243,0.011909774436090224,0.07353206865401989,0.09280059488723441,0.1811764705882353,0.0,0.3,0.0,0.0,0.5,0.0,0.0,0.0,0.0,0.0,0.0,0.0,0.0,0.0,0.0,0.5,0.0,0.0,0.5,0.0,3850dYVgOFIXJh5U4BFEWH
0.0,0.0,0.3523484874664381,0.0,0.0,0.0,0.0,0.0,0.0,0.41051671200409756,0.0,0.0,0.0,0.0,0.09391035259177546,0.3764904819160385,0.0,0.0,0.0,0.0,0.0,0.0,0.0,0.0,0.0,0.0,0.0,0.0,0.0,0.0,0.0,0.0,0.0,0.0,0.0,0.0,0.0,0.0,0.0,0.0,0.0,0.0,0.0,0.0,0.1550234059152288,0.0,0.0,0.0,0.0,0.0,0.2674559413761839,0.0,0.0,0.3523484874664381,0.0,0.0,0.0,0.0,0.41051671200409756,0.0,0.0,0.0,0.41051671200409756,0.0,0.12142857142857144,0.07757009345794388,0.13856985091109883,0.04047337278106509,0.006343612758708266,0.0,0.011639097744360902,0.1616079494128275,0.1381027087319652,0.1858823529411765,0.0,0.3,0.0,0.0,0.5,0.0,0.0,0.0,0.0,0.0,0.0,0.0,0.0,0.5,0.0,0.0,0.0,0.0,0.0,0.5,2q4rjDy9WhaN3o9MvDbO21
0.0,0.0,0.0,0.0,0.0,0.0,0.0,0.0,0.0,0.0,0.0,0.0,0.0,0.0,0.29575936899277205,0.0,0.0,0.0,0.0,0.0,0.0,0.0,0.0,0.0,0.0,0.0,0.0,0.0,0.0,0.0,0.0,0.0,0.0,0.0,0.0,0.0,0.0,0.0,0.0,0.0,0.0,0.321253126053256,0.0,0.0,0.0,0.0,0.6361300278457259,0.0,0.0,0.0,0.0,0.0,0.0,0.0,0.0,0.0,0.6361300278457259,0.0,0.0,0.0,0.0,0.0,0.0,0.0,0.08007518796992481,0.055140186915887845,0.06027056874654886,0.0650887573964497,0.08590253670965599,3.1424766977363517e-07,0.0905263157894737,0.09137308039747064,0.09805482756431766,0.12,0.0,0.3,0.0,0.0,0.5,0.0,0.0,0.0,0.0,0.0,0.5,0.0,0.0,0.0,0.0,0.0,0.0,0.0,0.5,0.0,0awvRwer2ByXjyDSON60Q3
0.0,0.8290700328329975,0.0,0.0,0.0,0.0,0.0,0.0,0.0,0.0,0.0,0.0,0.0,0.0,0.189659170576823,0.0,0.0,0.0,0.42267262013227525,0.0,0.0,0.0,0.0,0.0,0.0,0.0,0.0,0.0,0.0,0.0,0.0,0.0,0.0,0.0,0.0,0.0,0.0,0.0,0.0,0.0,0.0,0.0,0.0,0.0,0.3130816760286704,0.0,0.0,0.0,0.0,0.0,0.0,0.0,0.0,0.0,0.0,0.0,0.0,0.0,0.0,0.0,0.0,0.0,0.0,0.0,0.0,0.13598130841121492,0.01860850358917725,0.2,0.0023089614965738116,0.0,0.02646616541353384,0.15776874435411023,0.09260653106381436,0.17882352941176471,0.0,0.3,0.0,0.0,0.5,0.0,0.0,0.0,0.0,0.5,0.0,0.0,0.0,0.0,0.0,0.0,0.0,0.0,0.0,0.5,5AyL2kgLtTWEu3qO3B9SqK
0.0,0.0,0.0,0.0,0.0,0.0,0.0,0.0,0.0,0.0,0.0,0.0,0.0,0.0,0.22034427479862306,0.0,0.0,0.0,0.0,0.0,0.0,0.6670510783163784,0.0,0.0,0.0,0.0,0.0,0.0,0.0,0.0,0.0,0.0,0.0,0.0,0.0,0.0,0.0,0.0,0.0,0.0,0.0,0.2393374293705815,0.0,0.0,0.0,0.0,0.47392449524302266,0.0,0.0,0.0,0.0,0.0,0.0,0.0,0.0,0.0,0.47392449524302266,0.0,0.0,0.0,0.0,0.0,0.0,0.0,0.10375939849624057,0.07196261682242988,0.11029817780231915,0.009230769230769232,0.0016972341331496776,3.328894806924102e-05,0.05593984962406016,0.16296296296296298,0.09820717673410538,0.19058823529411764,0.3,0.0,0.0,0.0,0.0,0.5,0.0,0.5,0.0,0.0,0.0,0.0,0.0,0.0,0.0,0.0,0.0,0.0,0.5,0.0,7EQGXaVSyEDsCWKmUcfpLk
0.0,0.0,0.0,0.0,0.0,0.0,0.0,0.0,0.0,0.0,0.0,0.0,0.0,0.0,0.17788415764665344,0.0,0.0,0.0,0.0,0.0,0.0,0.0,0.0,0.0,0.0,0.0,0.0,0.0,0.0,0.0,0.0,0.0,0.6319447862705305,0.0,0.0,0.6674153824498467,0.0,0.0,0.0,0.0,0.0,0.1932173506927322,0.0,0.0,0.29364396166861795,0.0,0.0,0.0,0.0,0.0,0.0,0.0,0.0,0.0,0.0,0.0,0.0,0.0,0.0,0.0,0.0,0.0,0.0,0.0,0.08872180451127819,0.1836448598130841,0.1544450579790171,0.06366863905325444,0.06562618028155269,0.0,0.08090225563909775,0.10176151761517616,0.10006257198044853,0.19529411764705884,0.0,0.3,0.0,0.0,0.5,0.0,0.0,0.0,0.0,0.0,0.0,0.0,0.0,0.0,0.5,0.0,0.0,0.0,0.0,0.5,4QNpBfC0zvjKqPJcyqBy9W
0.8988052811246674,0.0,0.0,0.0,0.0,0.0,0.0,0.0,0.0,0.0,0.0,0.0,0.0,0.0,0.296898699803398,0.0,0.0,0.0,0.0,0.0,0.0,0.0,0.0,0.0,0.0,0.0,0.0,0.0,0.0,0.0,0.0,0.0,0.0,0.0,0.0,0.0,0.0,0.0,0.0,0.0,0.0,0.32249066448109637,0.0,0.0,0.0,0.0,0.0,0.0,0.0,0.0,0.0,0.0,0.0,0.0,0.0,0.0,0.0,0.0,0.0,0.0,0.0,0.0,0.0,0.0,0.15639097744360902,0.12149532710280378,0.11540585311982328,0.024710059171597635,0.040538485040001127,4.367509986684421e-07,0.02766917293233083,0.15980126467931347,0.08188042403852257,0.18823529411764706,0.0,0.3,0.0,0.0,0.5,0.0,0.0,0.0,0.0,0.0,0.5,0.0,0.0,0.0,0.0,0.0,0.0,0.0,0.0,0.5,1QV6tiMFM6fSOKOGLMHYYg
0.0,0.0,0.0,0.0,0.0,0.0,0.0,0.0,0.0,0.0,0.0,0.0,0.0,0.0,0.33131809993265005,0.0,0.0,0.0,0.0,0.0,0.0,0.0,0.0,0.0,0.0,0.0,0.0,0.0,0.0,0.0,0.0,0.0,0.0,0.0,0.0,0.0,0.0,0.0,0.0,0.0,0.0,0.3598769353744127,0.0,0.0,0.0,0.0,0.0,0.0,0.0,0.0,0.0,0.0,0.0,0.0,0.0,0.0,0.0,0.0,0.0,0.0,0.0,0.8721908667502425,0.0,0.0,0.08759398496240603,0.05934579439252335,0.08520154610712312,0.05609467455621301,0.16494596007344853,0.0,0.04962406015037595,0.14625112917795843,0.177666337181359,0.17411764705882354,0.0,0.3,0.0,0.0,0.5,0.0,0.0,0.5,0.0,0.0,0.0,0.0,0.0,0.0,0.0,0.0,0.0,0.0,0.0,0.5,1yJ5fyqBusR7Verj8JGsKV
0.0,0.0,0.0,0.0,0.0,0.0,0.0,0.0,0.0,0.0,0.0,0.0,0.0,0.0,0.17788415764665344,0.0,0.0,0.0,0.0,0.0,0.0,0.0,0.0,0.0,0.0,0.0,0.0,0.0,0.0,0.0,0.0,0.0,0.6319447862705305,0.0,0.0,0.6674153824498467,0.0,0.0,0.0,0.0,0.0,0.1932173506927322,0.0,0.0,0.29364396166861795,0.0,0.0,0.0,0.0,0.0,0.0,0.0,0.0,0.0,0.0,0.0,0.0,0.0,0.0,0.0,0.0,0.0,0.0,0.0,0.10751879699248118,0.11962616822429908,0.08290999447818886,0.01505325443786982,0.03163750823512189,0.0,0.2,0.1455736224028907,0.09099054165570904,0.19529411764705884,0.0,0.3,0.0,0.0,0.5,0.0,0.0,0.5,0.0,0.0,0.0,0.0,0.0,0.0,0.0,0.0,0.0,0.0,0.0,0.5,2bJvI42r8EF3wxjOuDav4r
0.0,0.0,0.0,0.0,0.0,0.0,0.0,0.0,0.0,0.0,0.0,0.0,0.0,0.0,0.0,0.0,0.0,0.0,0.0,0.0,0.0,0.0,0.0,0.0,0.0,0.49503738699516386,0.49503738699516386,0.0,0.0,0.3547485995268305,0.0,0.0,0.0,0.0,0.0,0.0,0.0,0.0,0.0,0.0,0.0,0.0,0.0,0.0,0.1869409442863303,0.0,0.0,0.0,0.0,0.0,0.32252204717521044,0.0,0.0,0.0,0.0,0.0,0.0,0.0,0.0,0.0,0.0,0.0,0.0,0.49503738699516386,0.17218045112781954,0.09065420560747661,0.10668139149641082,0.04994082840236687,0.10274222255672483,0.0,0.017774436090225564,0.19954832881662152,0.04928132906513836,0.16000000000000003,0.3,0.0,0.0,0.0,0.0,0.5,0.0,0.0,0.0,0.0,0.0,0.0,0.0,0.0,0.0,0.0,0.0,0.5,0.5,0.0,4675yUu8AUbE72T94BkLCD
0.0,0.0,0.0,0.0,0.0,0.0,0.0,0.0,0.0,0.0,0.0,0.0,0.0,0.0,0.13294425315254566,0.0,0.0,0.0,0.0,0.0,0.0,0.0,0.0,0.0,0.0,0.0,0.0,0.0,0.0,0.0,0.0,0.0,0.0,0.0,0.0,0.0,0.0,0.5811482565853245,0.0,0.0,0.0,0.14440373287756936,0.0,0.0,0.0,0.5811482565853245,0.2859413439644066,0.0,0.0,0.0,0.0,0.0,0.0,0.0,0.0,0.0,0.2859413439644066,0.0,0.0,0.0,0.0,0.3499741288210731,0.0,0.0,0.011654135338345873,0.0995327102803738,0.10552181115405852,0.08165680473372783,0.017890825910984048,0.0,0.00893233082706767,0.056142728093947616,0.15630299347981824,0.17176470588235293,0.0,0.3,0.0,0.0,0.5,0.0,0.0,0.0,0.0,0.0,0.0,0.0,0.0,0.0,0.5,0.0,0.0,0.0,0.5,0.0,1jUA4rb6ZCv4gby4YU53xq
0.0,0.0,0.0,0.0,0.0,0.0,0.0,0.0,0.0,0.0,0.0,0.0,0.0,0.0,0.2771807376231277,0.0,0.0,0.0,0.0,0.0,0.0,0.0,0.0,0.0,0.0,0.0,0.0,0.0,0.0,0.0,0.0,0.0,0.0,0.0,0.0,0.0,0.0,0.0,0.0,0.0,0.0,0.3010730606655888,0.0,0.0,0.45755873356390603,0.0,0.0,0.0,0.0,0.0,0.7894085483268772,0.0,0.0,0.0,0.0,0.0,0.0,0.0,0.0,0.0,0.0,0.0,0.0,0.0,0.08909774436090229,0.12803738317757007,0.11993373826615128,0.009183431952662724,0.012632719922001323,5.0066577896138486e-05,0.04661654135338346,0.08098464317976514,0.08370498671478965,0.1811764705882353,0.0,0.3,0.0,0.0,0.5,0.0,0.0,0.0,0.0,0.0,0.0,0.0,0.0,0.0,0.0,0.0,0.0,0.5,0.0,0.5,3NZJlJemX3mzjf56MqC5ML
0.0,0.0,0.0,0.0,0.0,0.0,0.0,0.0,0.0,0.0,0.0,0.0,0.0,0.0,0.2771807376231277,0.0,0.0,0.0,0.0,0.0,0.0,0.0,0.0,0.0,0.0,0.0,0.0,0.0,0.0,0.0,0.0,0.0,0.0,0.0,0.0,0.0,0.0,0.0,0.0,0.0,0.0,0.3010730606655888,0.0,0.0,0.45755873356390603,0.0,0.0,0.0,0.0,0.0,0.7894085483268772,0.0,0.0,0.0,0.0,0.0,0.0,0.0,0.0,0.0,0.0,0.0,0.0,0.0,0.08533834586466167,0.06869158878504669,0.12429596907785752,0.020497041420118343,0.04603715796965627,0.0,0.034887218045112786,0.12999096657633244,0.0220471012849927,0.17176470588235293,0.0,0.3,0.0,0.0,0.5,0.0,0.0,0.0,0.0,0.5,0.0,0.0,0.0,0.0,0.0,0.0,0.0,0.0,0.0,0.5,5Lgcn7u07bHuqbOtXkN62u
0.0,0.0,0.0,0.0,0.0,0.0,0.0,0.0,0.0,0.0,0.0,0.0,0.0,0.0,0.33131809993265005,0.0,0.0,0.0,0.0,0.0,0.0,0.0,0.0,0.0,0.0,0.0,0.0,0.0,0.0,0.0,0.0,0.0,0.0,0.0,0.0,0.0,0.0,0.0,0.0,0.0,0.0,0.3598769353744127,0.0,0.0,0.0,0.0,0.0,0.0,0.0,0.0,0.0,0.0,0.0,0.0,0.0,0.0,0.0,0.0,0.0,0.0,0.0,0.8721908667502425,0.0,0.0,0.006390977443609014,0.013084112149532645,0.012810601877415806,0.13420118343195267,0.0845278684772422,0.0,0.04812030075187971,0.11305329719963866,0.034347483064757454,0.1858823529411765,0.3,0.0,0.0,0.5,0.0,0.0,0.0,0.0,0.0,0.0,0.0,0.0,0.5,0.0,0.0,0.0,0.0,0.0,0.0,0.5,6brl7bwOHmGFkNw3MBqssT
0.0,0.0,0.0,0.0,0.0,0.0,0.0,0.0,0.0,0.0,0.0,0.0,0.0,0.0,0.45153136476930744,0.0,0.0,0.0,0.0,0.0,0.0,0.0,0.0,0.0,0.0,0.0,0.0,0.0,0.0,0.0,0.0,0.0,0.0,0.0,0.0,0.0,0.0,0.0,0.0,0.0,0.0,0.4904522988983588,0.0,0.0,0.74536968621945,0.0,0.0,0.0,0.0,0.0,0.0,0.0,0.0,0.0,0.0,0.0,0.0,0.0,0.0,0.0,0.0,0.0,0.0,0.0,0.08533834586466167,0.1116822429906542,0.09665930425179457,0.07550295857988165,0.05497250148034586,0.0,0.014857142857142859,0.11847335140018067,0.029076927262339836,0.15058823529411766,0.0,0.3,0.0,0.0,0.5,0.0,0.0,0.0,0.0,0.0,0.0,0.0,0.0,0.0,0.0,0.5,0.0,0.0,0.0,0.5,6tp27J7xy18DQiQXut3GsF
0.0,0.0,0.0,0.0,0.0,0.0,0.0,0.0,0.0,0.0,0.0,0.618317312956622,0.0,0.0,0.14144709624580634,0.0,0.0,0.0,0.0,0.0,0.0,0.0,0.0,0.0,0.0,0.0,0.0,0.0,0.0,0.0,0.0,0.0,0.5024998076737099,0.5670672504308303,0.0,0.0,0.0,0.0,0.0,0.0,0.0,0.15363950090531722,0.0,0.0,0.0,0.0,0.0,0.0,0.0,0.0,0.0,0.0,0.0,0.0,0.0,0.0,0.0,0.0,0.0,0.0,0.0,0.0,0.0,0.0,0.12894736842105262,0.12990654205607474,0.08028713418001104,0.020923076923076926,0.09758721668517314,0.0,0.11308270676691733,0.1532520325203252,0.04746583479183482,0.2,0.0,0.3,0.0,0.0,0.5,0.0,0.0,0.0,0.0,0.0,0.0,0.0,0.0,0.0,0.0,0.0,0.5,0.0,0.5,0.0,3ZFTkvIE7kyPt6Nu3PEa7V
